DiseaseName,DiseaseCode,Country,CountryCode,Gender,AgeGroup,Incidence,MortalityRate,Year
Malignant neoplasm of lung,C0242379,Austria,AT,Female,0-14,0.0,0.0,2024
Malignant neoplasm of lung,C0242379,Austria,AT,Female,15-29,0.0,0.0,2024
Malignant neoplasm of lung,C0242379,Austria,AT,Female,30-44,1.8,0.0,2024
Malignant neoplasm of lung,C0242379,Austria,AT,Female,45-59,44.8,20.7,2024
Malignant neoplasm of lung,C0242379,Austria,AT,Female,60-74,139.6,101.9,2024
Malignant neoplasm of lung,C0242379,Austria,AT,Female,75-85+,129.8,146.3,2024
Malignant neoplasm of lung,C0242379,Austria,AT,Male,0-14,0.0,0.0,2024
Malignant neoplasm of lung,C0242379,Austria,AT,Male,15-29,0.0,0.0,2024
Malignant neoplasm of lung,C0242379,Austria,AT,Male,30-44,1.0,0.1,2024
Malignant neoplasm of lung,C0242379,Austria,AT,Male,45-59,52.1,29.7,2024
Malignant neoplasm of lung,C0242379,Austria,AT,Male,60-74,190.0,154.7,2024
Malignant neoplasm of lung,C0242379,Austria,AT,Male,75-85+,230.1,262.3,2024
Malignant neoplasm of lung,C0242379,Belgium,BE,Female,0-14,0.0,0.0,2024
Malignant neoplasm of lung,C0242379,Belgium,BE,Female,15-29,0.0,0.0,2024
Malignant neoplasm of lung,C0242379,Belgium,BE,Female,30-44,1.8,0.1,2024
Malignant neoplasm of lung,C0242379,Belgium,BE,Female,45-59,61.1,24.0,2024
Malignant neoplasm of lung,C0242379,Belgium,BE,Female,60-74,175.3,96.1,2024
Malignant neoplasm of lung,C0242379,Belgium,BE,Female,75-85+,162.7,138.4,2024
Malignant neoplasm of lung,C0242379,Belgium,BE,Male,0-14,0.0,0.0,2024
Malignant neoplasm of lung,C0242379,Belgium,BE,Male,15-29,0.0,0.0,2024
Malignant neoplasm of lung,C0242379,Belgium,BE,Male,30-44,1.4,0.4,2024
Malignant neoplasm of lung,C0242379,Belgium,BE,Male,45-59,62.8,31.5,2024
Malignant neoplasm of lung,C0242379,Belgium,BE,Male,60-74,275.2,175.0,2024
Malignant neoplasm of lung,C0242379,Belgium,BE,Male,75-85+,399.5,376.5,2024
Malignant neoplasm of lung,C0242379,Bulgaria,BG,Female,0-14,0.0,0.0,2024
Malignant neoplasm of lung,C0242379,Bulgaria,BG,Female,15-29,0.0,0.0,2024
Malignant neoplasm of lung,C0242379,Bulgaria,BG,Female,30-44,3.6,2.7,2024
Malignant neoplasm of lung,C0242379,Bulgaria,BG,Female,45-59,30.4,25.1,2024
Malignant neoplasm of lung,C0242379,Bulgaria,BG,Female,60-74,66.9,57.0,2024
Malignant neoplasm of lung,C0242379,Bulgaria,BG,Female,75-85+,58.7,56.3,2024
Malignant neoplasm of lung,C0242379,Bulgaria,BG,Male,0-14,0.0,0.2,2024
Malignant neoplasm of lung,C0242379,Bulgaria,BG,Male,15-29,0.2,0.2,2024
Malignant neoplasm of lung,C0242379,Bulgaria,BG,Male,30-44,4.9,4.3,2024
Malignant neoplasm of lung,C0242379,Bulgaria,BG,Male,45-59,98.8,62.2,2024
Malignant neoplasm of lung,C0242379,Bulgaria,BG,Male,60-74,278.4,242.2,2024
Malignant neoplasm of lung,C0242379,Bulgaria,BG,Male,75-85+,192.8,259.2,2024
Malignant neoplasm of lung,C0242379,Croatia,HR,Female,0-14,0.0,0.0,2024
Malignant neoplasm of lung,C0242379,Croatia,HR,Female,15-29,0.0,0.0,2024
Malignant neoplasm of lung,C0242379,Croatia,HR,Female,30-44,1.3,0.0,2024
Malignant neoplasm of lung,C0242379,Croatia,HR,Female,45-59,54.4,36.8,2024
Malignant neoplasm of lung,C0242379,Croatia,HR,Female,60-74,152.2,114.3,2024
Malignant neoplasm of lung,C0242379,Croatia,HR,Female,75-85+,159.6,136.2,2024
Malignant neoplasm of lung,C0242379,Croatia,HR,Male,0-14,0.0,0.0,2024
Malignant neoplasm of lung,C0242379,Croatia,HR,Male,15-29,0.0,0.0,2024
Malignant neoplasm of lung,C0242379,Croatia,HR,Male,30-44,0.0,0.0,2024
Malignant neoplasm of lung,C0242379,Croatia,HR,Male,45-59,92.7,69.4,2024
Malignant neoplasm of lung,C0242379,Croatia,HR,Male,60-74,330.8,273.1,2024
Malignant neoplasm of lung,C0242379,Croatia,HR,Male,75-85+,433.6,419.8,2024
Malignant neoplasm of lung,C0242379,Cyprus,CY,Female,0-14,0.0,0.0,2024
Malignant neoplasm of lung,C0242379,Cyprus,CY,Female,15-29,0.9,0.0,2024
Malignant neoplasm of lung,C0242379,Cyprus,CY,Female,30-44,2.0,1.8,2024
Malignant neoplasm of lung,C0242379,Cyprus,CY,Female,45-59,25.9,16.0,2024
Malignant neoplasm of lung,C0242379,Cyprus,CY,Female,60-74,71.8,55.2,2024
Malignant neoplasm of lung,C0242379,Cyprus,CY,Female,75-85+,92.8,97.9,2024
Malignant neoplasm of lung,C0242379,Cyprus,CY,Male,0-14,0.0,0.0,2024
Malignant neoplasm of lung,C0242379,Cyprus,CY,Male,15-29,1.8,2.3,2024
Malignant neoplasm of lung,C0242379,Cyprus,CY,Male,30-44,1.1,0.0,2024
Malignant neoplasm of lung,C0242379,Cyprus,CY,Male,45-59,55.3,46.2,2024
Malignant neoplasm of lung,C0242379,Cyprus,CY,Male,60-74,272.3,224.9,2024
Malignant neoplasm of lung,C0242379,Cyprus,CY,Male,75-85+,366.7,354.4,2024
Malignant neoplasm of lung,C0242379,Czechia,CZ,Female,0-14,0.1,0.0,2024
Malignant neoplasm of lung,C0242379,Czechia,CZ,Female,15-29,0.6,0.1,2024
Malignant neoplasm of lung,C0242379,Czechia,CZ,Female,30-44,1.4,0.8,2024
Malignant neoplasm of lung,C0242379,Czechia,CZ,Female,45-59,29.3,13.4,2024
Malignant neoplasm of lung,C0242379,Czechia,CZ,Female,60-74,125.8,88.6,2024
Malignant neoplasm of lung,C0242379,Czechia,CZ,Female,75-85+,140.7,141.1,2024
Malignant neoplasm of lung,C0242379,Czechia,CZ,Male,0-14,0.0,0.0,2024
Malignant neoplasm of lung,C0242379,Czechia,CZ,Male,15-29,1.6,0.4,2024
Malignant neoplasm of lung,C0242379,Czechia,CZ,Male,30-44,0.3,1.8,2024
Malignant neoplasm of lung,C0242379,Czechia,CZ,Male,45-59,27.6,22.8,2024
Malignant neoplasm of lung,C0242379,Czechia,CZ,Male,60-74,247.7,190.1,2024
Malignant neoplasm of lung,C0242379,Czechia,CZ,Male,75-85+,316.9,335.1,2024
Malignant neoplasm of lung,C0242379,Denmark,DK,Female,0-14,0.0,0.0,2024
Malignant neoplasm of lung,C0242379,Denmark,DK,Female,15-29,2.2,0.0,2024
Malignant neoplasm of lung,C0242379,Denmark,DK,Female,30-44,0.8,1.6,2024
Malignant neoplasm of lung,C0242379,Denmark,DK,Female,45-59,50.3,22.5,2024
Malignant neoplasm of lung,C0242379,Denmark,DK,Female,60-74,264.5,158.4,2024
Malignant neoplasm of lung,C0242379,Denmark,DK,Female,75-85+,316.9,298.6,2024
Malignant neoplasm of lung,C0242379,Denmark,DK,Male,0-14,0.0,0.0,2024
Malignant neoplasm of lung,C0242379,Denmark,DK,Male,15-29,0.2,0.0,2024
Malignant neoplasm of lung,C0242379,Denmark,DK,Male,30-44,3.7,1.4,2024
Malignant neoplasm of lung,C0242379,Denmark,DK,Male,45-59,32.3,20.5,2024
Malignant neoplasm of lung,C0242379,Denmark,DK,Male,60-74,237.4,156.6,2024
Malignant neoplasm of lung,C0242379,Denmark,DK,Male,75-85+,403.3,392.3,2024
Malignant neoplasm of lung,C0242379,Estonia,EE,Female,0-14,0.0,0.0,2024
Malignant neoplasm of lung,C0242379,Estonia,EE,Female,15-29,0.0,0.0,2024
Malignant neoplasm of lung,C0242379,Estonia,EE,Female,30-44,3.0,0.7,2024
Malignant neoplasm of lung,C0242379,Estonia,EE,Female,45-59,20.6,9.9,2024
Malignant neoplasm of lung,C0242379,Estonia,EE,Female,60-74,81.4,51.2,2024
Malignant neoplasm of lung,C0242379,Estonia,EE,Female,75-85+,116.2,94.7,2024
Malignant neoplasm of lung,C0242379,Estonia,EE,Male,0-14,0.0,0.0,2024
Malignant neoplasm of lung,C0242379,Estonia,EE,Male,15-29,3.0,0.0,2024
Malignant neoplasm of lung,C0242379,Estonia,EE,Male,30-44,0.0,2.6,2024
Malignant neoplasm of lung,C0242379,Estonia,EE,Male,45-59,53.8,43.0,2024
Malignant neoplasm of lung,C0242379,Estonia,EE,Male,60-74,301.5,244.7,2024
Malignant neoplasm of lung,C0242379,Estonia,EE,Male,75-85+,492.2,421.1,2024
Malignant neoplasm of lung,C0242379,Finland,FI,Female,0-14,0.0,0.0,2024
Malignant neoplasm of lung,C0242379,Finland,FI,Female,15-29,0.0,0.0,2024
Malignant neoplasm of lung,C0242379,Finland,FI,Female,30-44,0.8,0.0,2024
Malignant neoplasm of lung,C0242379,Finland,FI,Female,45-59,19.2,9.5,2024
Malignant neoplasm of lung,C0242379,Finland,FI,Female,60-74,95.4,66.6,2024
Malignant neoplasm of lung,C0242379,Finland,FI,Female,75-85+,155.7,128.0,2024
Malignant neoplasm of lung,C0242379,Finland,FI,Male,0-14,0.0,0.0,2024
Malignant neoplasm of lung,C0242379,Finland,FI,Male,15-29,0.0,0.0,2024
Malignant neoplasm of lung,C0242379,Finland,FI,Male,30-44,0.0,0.0,2024
Malignant neoplasm of lung,C0242379,Finland,FI,Male,45-59,24.6,20.1,2024
Malignant neoplasm of lung,C0242379,Finland,FI,Male,60-74,155.0,126.1,2024
Malignant neoplasm of lung,C0242379,Finland,FI,Male,75-85+,308.5,270.6,2024
Malignant neoplasm of lung,C0242379,France,FR,Female,0-14,0.2,0.0,2024
Malignant neoplasm of lung,C0242379,France,FR,Female,15-29,1.2,0.1,2024
Malignant neoplasm of lung,C0242379,France,FR,Female,30-44,3.1,1.1,2024
Malignant neoplasm of lung,C0242379,France,FR,Female,45-59,44.3,23.4,2024
Malignant neoplasm of lung,C0242379,France,FR,Female,60-74,126.9,86.4,2024
Malignant neoplasm of lung,C0242379,France,FR,Female,75-85+,135.7,116.0,2024
Malignant neoplasm of lung,C0242379,France,FR,Male,0-14,0.2,0.0,2024
Malignant neoplasm of lung,C0242379,France,FR,Male,15-29,2.3,0.1,2024
Malignant neoplasm of lung,C0242379,France,FR,Male,30-44,3.3,2.4,2024
Malignant neoplasm of lung,C0242379,France,FR,Male,45-59,76.3,46.4,2024
Malignant neoplasm of lung,C0242379,France,FR,Male,60-74,267.8,202.4,2024
Malignant neoplasm of lung,C0242379,France,FR,Male,75-85+,356.2,322.2,2024
Malignant neoplasm of lung,C0242379,Germany,DE,Female,0-14,0.0,0.0,2024
Malignant neoplasm of lung,C0242379,Germany,DE,Female,15-29,1.4,0.0,2024
Malignant neoplasm of lung,C0242379,Germany,DE,Female,30-44,2.2,1.1,2024
Malignant neoplasm of lung,C0242379,Germany,DE,Female,45-59,49.2,27.0,2024
Malignant neoplasm of lung,C0242379,Germany,DE,Female,60-74,154.5,109.5,2024
Malignant neoplasm of lung,C0242379,Germany,DE,Female,75-85+,141.2,131.4,2024
Malignant neoplasm of lung,C0242379,Germany,DE,Male,0-14,0.0,0.0,2024
Malignant neoplasm of lung,C0242379,Germany,DE,Male,15-29,0.3,0.1,2024
Malignant neoplasm of lung,C0242379,Germany,DE,Male,30-44,2.8,1.8,2024
Malignant neoplasm of lung,C0242379,Germany,DE,Male,45-59,46.4,27.8,2024
Malignant neoplasm of lung,C0242379,Germany,DE,Male,60-74,264.0,188.2,2024
Malignant neoplasm of lung,C0242379,Germany,DE,Male,75-85+,314.8,287.0,2024
Malignant neoplasm of lung,C0242379,Greece,GR,Female,0-14,0.0,0.0,2024
Malignant neoplasm of lung,C0242379,Greece,GR,Female,15-29,2.2,0.1,2024
Malignant neoplasm of lung,C0242379,Greece,GR,Female,30-44,2.4,1.0,2024
Malignant neoplasm of lung,C0242379,Greece,GR,Female,45-59,30.0,18.7,2024
Malignant neoplasm of lung,C0242379,Greece,GR,Female,60-74,88.5,65.6,2024
Malignant neoplasm of lung,C0242379,Greece,GR,Female,75-85+,105.7,95.1,2024
Malignant neoplasm of lung,C0242379,Greece,GR,Male,0-14,0.0,0.0,2024
Malignant neoplasm of lung,C0242379,Greece,GR,Male,15-29,4.5,3.0,2024
Malignant neoplasm of lung,C0242379,Greece,GR,Male,30-44,0.0,0.0,2024
Malignant neoplasm of lung,C0242379,Greece,GR,Male,45-59,79.9,51.9,2024
Malignant neoplasm of lung,C0242379,Greece,GR,Male,60-74,332.7,283.9,2024
Malignant neoplasm of lung,C0242379,Greece,GR,Male,75-85+,463.2,450.7,2024
Malignant neoplasm of lung,C0242379,Hungary,HU,Female,0-14,0.0,0.0,2024
Malignant neoplasm of lung,C0242379,Hungary,HU,Female,15-29,0.2,0.1,2024
Malignant neoplasm of lung,C0242379,Hungary,HU,Female,30-44,2.5,1.6,2024
Malignant neoplasm of lung,C0242379,Hungary,HU,Female,45-59,60.2,41.5,2024
Malignant neoplasm of lung,C0242379,Hungary,HU,Female,60-74,219.3,184.9,2024
Malignant neoplasm of lung,C0242379,Hungary,HU,Female,75-85+,199.5,188.8,2024
Malignant neoplasm of lung,C0242379,Hungary,HU,Male,0-14,0.0,0.0,2024
Malignant neoplasm of lung,C0242379,Hungary,HU,Male,15-29,13.2,0.1,2024
Malignant neoplasm of lung,C0242379,Hungary,HU,Male,30-44,6.3,3.8,2024
Malignant neoplasm of lung,C0242379,Hungary,HU,Male,45-59,93.5,70.8,2024
Malignant neoplasm of lung,C0242379,Hungary,HU,Male,60-74,409.6,353.4,2024
Malignant neoplasm of lung,C0242379,Hungary,HU,Male,75-85+,436.5,423.5,2024
Malignant neoplasm of lung,C0242379,Ireland,IE,Female,0-14,0.0,0.0,2024
Malignant neoplasm of lung,C0242379,Ireland,IE,Female,15-29,0.0,0.0,2024
Malignant neoplasm of lung,C0242379,Ireland,IE,Female,30-44,1.0,0.0,2024
Malignant neoplasm of lung,C0242379,Ireland,IE,Female,45-59,39.1,15.4,2024
Malignant neoplasm of lung,C0242379,Ireland,IE,Female,60-74,172.5,100.1,2024
Malignant neoplasm of lung,C0242379,Ireland,IE,Female,75-85+,264.6,214.0,2024
Malignant neoplasm of lung,C0242379,Ireland,IE,Male,0-14,0.0,0.0,2024
Malignant neoplasm of lung,C0242379,Ireland,IE,Male,15-29,0.0,0.0,2024
Malignant neoplasm of lung,C0242379,Ireland,IE,Male,30-44,1.2,0.5,2024
Malignant neoplasm of lung,C0242379,Ireland,IE,Male,45-59,38.5,22.8,2024
Malignant neoplasm of lung,C0242379,Ireland,IE,Male,60-74,193.5,128.9,2024
Malignant neoplasm of lung,C0242379,Ireland,IE,Male,75-85+,363.1,305.9,2024
Malignant neoplasm of lung,C0242379,Italy,IT,Female,0-14,0.0,0.0,2024
Malignant neoplasm of lung,C0242379,Italy,IT,Female,15-29,0.5,0.1,2024
Malignant neoplasm of lung,C0242379,Italy,IT,Female,30-44,1.4,0.9,2024
Malignant neoplasm of lung,C0242379,Italy,IT,Female,45-59,22.3,13.8,2024
Malignant neoplasm of lung,C0242379,Italy,IT,Female,60-74,105.8,74.2,2024
Malignant neoplasm of lung,C0242379,Italy,IT,Female,75-85+,144.0,129.9,2024
Malignant neoplasm of lung,C0242379,Italy,IT,Male,0-14,0.0,0.0,2024
Malignant neoplasm of lung,C0242379,Italy,IT,Male,15-29,2.8,0.1,2024
Malignant neoplasm of lung,C0242379,Italy,IT,Male,30-44,0.3,1.4,2024
Malignant neoplasm of lung,C0242379,Italy,IT,Male,45-59,38.3,26.2,2024
Malignant neoplasm of lung,C0242379,Italy,IT,Male,60-74,227.5,173.8,2024
Malignant neoplasm of lung,C0242379,Italy,IT,Male,75-85+,433.6,407.1,2024
Malignant neoplasm of lung,C0242379,Latvia,LV,Female,0-14,0.0,0.0,2024
Malignant neoplasm of lung,C0242379,Latvia,LV,Female,15-29,0.0,0.0,2024
Malignant neoplasm of lung,C0242379,Latvia,LV,Female,30-44,2.2,0.6,2024
Malignant neoplasm of lung,C0242379,Latvia,LV,Female,45-59,21.2,10.5,2024
Malignant neoplasm of lung,C0242379,Latvia,LV,Female,60-74,60.5,49.8,2024
Malignant neoplasm of lung,C0242379,Latvia,LV,Female,75-85+,71.0,77.0,2024
Malignant neoplasm of lung,C0242379,Latvia,LV,Male,0-14,0.0,0.0,2024
Malignant neoplasm of lung,C0242379,Latvia,LV,Male,15-29,2.4,0.0,2024
Malignant neoplasm of lung,C0242379,Latvia,LV,Male,30-44,0.0,0.5,2024
Malignant neoplasm of lung,C0242379,Latvia,LV,Male,45-59,47.9,63.5,2024
Malignant neoplasm of lung,C0242379,Latvia,LV,Male,60-74,330.0,259.3,2024
Malignant neoplasm of lung,C0242379,Latvia,LV,Male,75-85+,398.6,389.3,2024
Malignant neoplasm of lung,C0242379,Lithuania,LT,Female,0-14,0.0,0.0,2024
Malignant neoplasm of lung,C0242379,Lithuania,LT,Female,15-29,0.5,0.0,2024
Malignant neoplasm of lung,C0242379,Lithuania,LT,Female,30-44,2.5,0.8,2024
Malignant neoplasm of lung,C0242379,Lithuania,LT,Female,45-59,18.4,10.1,2024
Malignant neoplasm of lung,C0242379,Lithuania,LT,Female,60-74,52.1,40.1,2024
Malignant neoplasm of lung,C0242379,Lithuania,LT,Female,75-85+,74.1,66.2,2024
Malignant neoplasm of lung,C0242379,Lithuania,LT,Male,0-14,0.0,0.0,2024
Malignant neoplasm of lung,C0242379,Lithuania,LT,Male,15-29,0.0,0.0,2024
Malignant neoplasm of lung,C0242379,Lithuania,LT,Male,30-44,2.7,1.4,2024
Malignant neoplasm of lung,C0242379,Lithuania,LT,Male,45-59,88.2,47.2,2024
Malignant neoplasm of lung,C0242379,Lithuania,LT,Male,60-74,267.4,249.0,2024
Malignant neoplasm of lung,C0242379,Lithuania,LT,Male,75-85+,333.2,344.8,2024
Malignant neoplasm of lung,C0242379,Luxembourg,LU,Female,0-14,0.0,0.0,2024
Malignant neoplasm of lung,C0242379,Luxembourg,LU,Female,15-29,0.0,0.0,2024
Malignant neoplasm of lung,C0242379,Luxembourg,LU,Female,30-44,0.0,0.0,2024
Malignant neoplasm of lung,C0242379,Luxembourg,LU,Female,45-59,29.2,17.5,2024
Malignant neoplasm of lung,C0242379,Luxembourg,LU,Female,60-74,126.8,88.5,2024
Malignant neoplasm of lung,C0242379,Luxembourg,LU,Female,75-85+,174.9,151.3,2024
Malignant neoplasm of lung,C0242379,Luxembourg,LU,Male,0-14,0.0,0.0,2024
Malignant neoplasm of lung,C0242379,Luxembourg,LU,Male,15-29,0.0,0.0,2024
Malignant neoplasm of lung,C0242379,Luxembourg,LU,Male,30-44,2.4,1.3,2024
Malignant neoplasm of lung,C0242379,Luxembourg,LU,Male,45-59,37.3,25.2,2024
Malignant neoplasm of lung,C0242379,Luxembourg,LU,Male,60-74,187.2,142.5,2024
Malignant neoplasm of lung,C0242379,Luxembourg,LU,Male,75-85+,376.4,325.7,2024
Malignant neoplasm of lung,C0242379,Malta,MT,Female,0-14,0.0,0.0,2024
Malignant neoplasm of lung,C0242379,Malta,MT,Female,15-29,0.0,0.0,2024
Malignant neoplasm of lung,C0242379,Malta,MT,Female,30-44,0.0,1.6,2024
Malignant neoplasm of lung,C0242379,Malta,MT,Female,45-59,24.2,13.2,2024
Malignant neoplasm of lung,C0242379,Malta,MT,Female,60-74,72.9,48.5,2024
Malignant neoplasm of lung,C0242379,Malta,MT,Female,75-85+,84.9,71.1,2024
Malignant neoplasm of lung,C0242379,Malta,MT,Male,0-14,0.0,0.0,2024
Malignant neoplasm of lung,C0242379,Malta,MT,Male,15-29,0.0,0.0,2024
Malignant neoplasm of lung,C0242379,Malta,MT,Male,30-44,0.0,0.0,2024
Malignant neoplasm of lung,C0242379,Malta,MT,Male,45-59,31.8,22.0,2024
Malignant neoplasm of lung,C0242379,Malta,MT,Male,60-74,168.5,126.4,2024
Malignant neoplasm of lung,C0242379,Malta,MT,Male,75-85+,375.7,321.3,2024
Malignant neoplasm of lung,C0242379,Netherlands,NL,Female,0-14,0.0,0.0,2024
Malignant neoplasm of lung,C0242379,Netherlands,NL,Female,15-29,1.5,0.1,2024
Malignant neoplasm of lung,C0242379,Netherlands,NL,Female,30-44,2.8,1.3,2024
Malignant neoplasm of lung,C0242379,Netherlands,NL,Female,45-59,52.7,29.9,2024
Malignant neoplasm of lung,C0242379,Netherlands,NL,Female,60-74,240.6,151.8,2024
Malignant neoplasm of lung,C0242379,Netherlands,NL,Female,75-85+,251.8,207.7,2024
Malignant neoplasm of lung,C0242379,Netherlands,NL,Male,0-14,0.0,0.0,2024
Malignant neoplasm of lung,C0242379,Netherlands,NL,Male,15-29,0.0,0.0,2024
Malignant neoplasm of lung,C0242379,Netherlands,NL,Male,30-44,1.9,1.2,2024
Malignant neoplasm of lung,C0242379,Netherlands,NL,Male,45-59,49.7,29.0,2024
Malignant neoplasm of lung,C0242379,Netherlands,NL,Male,60-74,225.9,158.1,2024
Malignant neoplasm of lung,C0242379,Netherlands,NL,Male,75-85+,409.3,377.3,2024
Malignant neoplasm of lung,C0242379,Poland,PL,Female,0-14,0.0,0.0,2024
Malignant neoplasm of lung,C0242379,Poland,PL,Female,15-29,1.7,0.0,2024
Malignant neoplasm of lung,C0242379,Poland,PL,Female,30-44,0.3,1.3,2024
Malignant neoplasm of lung,C0242379,Poland,PL,Female,45-59,35.4,25.3,2024
Malignant neoplasm of lung,C0242379,Poland,PL,Female,60-74,184.3,139.9,2024
Malignant neoplasm of lung,C0242379,Poland,PL,Female,75-85+,154.5,154.4,2024
Malignant neoplasm of lung,C0242379,Poland,PL,Male,0-14,0.0,0.0,2024
Malignant neoplasm of lung,C0242379,Poland,PL,Male,15-29,4.2,0.0,2024
Malignant neoplasm of lung,C0242379,Poland,PL,Male,30-44,2.6,3.0,2024
Malignant neoplasm of lung,C0242379,Poland,PL,Male,45-59,102.8,54.7,2024
Malignant neoplasm of lung,C0242379,Poland,PL,Male,60-74,342.1,307.5,2024
Malignant neoplasm of lung,C0242379,Poland,PL,Male,75-85+,373.4,442.7,2024
Malignant neoplasm of lung,C0242379,Portugal,PT,Female,0-14,0.1,0.0,2024
Malignant neoplasm of lung,C0242379,Portugal,PT,Female,15-29,1.1,0.1,2024
Malignant neoplasm of lung,C0242379,Portugal,PT,Female,30-44,7.0,2.1,2024
Malignant neoplasm of lung,C0242379,Portugal,PT,Female,45-59,31.2,18.6,2024
Malignant neoplasm of lung,C0242379,Portugal,PT,Female,60-74,66.9,45.3,2024
Malignant neoplasm of lung,C0242379,Portugal,PT,Female,75-85+,93.4,82.8,2024
Malignant neoplasm of lung,C0242379,Portugal,PT,Male,0-14,0.0,0.0,2024
Malignant neoplasm of lung,C0242379,Portugal,PT,Male,15-29,2.7,1.8,2024
Malignant neoplasm of lung,C0242379,Portugal,PT,Male,30-44,4.9,2.4,2024
Malignant neoplasm of lung,C0242379,Portugal,PT,Male,45-59,82.8,61.6,2024
Malignant neoplasm of lung,C0242379,Portugal,PT,Male,60-74,236.3,221.4,2024
Malignant neoplasm of lung,C0242379,Portugal,PT,Male,75-85+,271.7,347.9,2024
Malignant neoplasm of lung,C0242379,Romania,RO,Female,0-14,0.0,0.0,2024
Malignant neoplasm of lung,C0242379,Romania,RO,Female,15-29,0.3,0.1,2024
Malignant neoplasm of lung,C0242379,Romania,RO,Female,30-44,2.3,2.7,2024
Malignant neoplasm of lung,C0242379,Romania,RO,Female,45-59,39.2,26.7,2024
Malignant neoplasm of lung,C0242379,Romania,RO,Female,60-74,72.3,63.8,2024
Malignant neoplasm of lung,C0242379,Romania,RO,Female,75-85+,78.8,77.2,2024
Malignant neoplasm of lung,C0242379,Romania,RO,Male,0-14,0.0,0.0,2024
Malignant neoplasm of lung,C0242379,Romania,RO,Male,15-29,0.6,0.4,2024
Malignant neoplasm of lung,C0242379,Romania,RO,Male,30-44,2.5,3.6,2024
Malignant neoplasm of lung,C0242379,Romania,RO,Male,45-59,159.8,96.7,2024
Malignant neoplasm of lung,C0242379,Romania,RO,Male,60-74,297.9,284.0,2024
Malignant neoplasm of lung,C0242379,Romania,RO,Male,75-85+,262.6,265.0,2024
Malignant neoplasm of lung,C0242379,Slovakia,SK,Female,0-14,0.0,0.0,2024
Malignant neoplasm of lung,C0242379,Slovakia,SK,Female,15-29,0.7,0.0,2024
Malignant neoplasm of lung,C0242379,Slovakia,SK,Female,30-44,0.6,0.8,2024
Malignant neoplasm of lung,C0242379,Slovakia,SK,Female,45-59,24.2,17.1,2024
Malignant neoplasm of lung,C0242379,Slovakia,SK,Female,60-74,79.8,68.0,2024
Malignant neoplasm of lung,C0242379,Slovakia,SK,Female,75-85+,108.4,100.4,2024
Malignant neoplasm of lung,C0242379,Slovakia,SK,Male,0-14,0.0,0.0,2024
Malignant neoplasm of lung,C0242379,Slovakia,SK,Male,15-29,2.0,0.0,2024
Malignant neoplasm of lung,C0242379,Slovakia,SK,Male,30-44,1.7,1.6,2024
Malignant neoplasm of lung,C0242379,Slovakia,SK,Male,45-59,55.8,36.1,2024
Malignant neoplasm of lung,C0242379,Slovakia,SK,Male,60-74,236.5,207.9,2024
Malignant neoplasm of lung,C0242379,Slovakia,SK,Male,75-85+,349.9,323.4,2024
Malignant neoplasm of lung,C0242379,Slovenia,SI,Female,0-14,0.0,0.0,2024
Malignant neoplasm of lung,C0242379,Slovenia,SI,Female,15-29,2.0,0.0,2024
Malignant neoplasm of lung,C0242379,Slovenia,SI,Female,30-44,0.9,1.1,2024
Malignant neoplasm of lung,C0242379,Slovenia,SI,Female,45-59,55.0,26.7,2024
Malignant neoplasm of lung,C0242379,Slovenia,SI,Female,60-74,170.7,113.4,2024
Malignant neoplasm of lung,C0242379,Slovenia,SI,Female,75-85+,142.3,148.7,2024
Malignant neoplasm of lung,C0242379,Slovenia,SI,Male,0-14,0.0,0.0,2024
Malignant neoplasm of lung,C0242379,Slovenia,SI,Male,15-29,0.0,0.0,2024
Malignant neoplasm of lung,C0242379,Slovenia,SI,Male,30-44,0.0,0.8,2024
Malignant neoplasm of lung,C0242379,Slovenia,SI,Male,45-59,75.2,55.7,2024
Malignant neoplasm of lung,C0242379,Slovenia,SI,Male,60-74,288.1,196.6,2024
Malignant neoplasm of lung,C0242379,Slovenia,SI,Male,75-85+,361.3,328.4,2024
Malignant neoplasm of lung,C0242379,Spain,ES,Female,0-14,0.0,0.0,2024
Malignant neoplasm of lung,C0242379,Spain,ES,Female,15-29,1.1,0.1,2024
Malignant neoplasm of lung,C0242379,Spain,ES,Female,30-44,1.1,1.0,2024
Malignant neoplasm of lung,C0242379,Spain,ES,Female,45-59,33.2,20.3,2024
Malignant neoplasm of lung,C0242379,Spain,ES,Female,60-74,95.1,64.4,2024
Malignant neoplasm of lung,C0242379,Spain,ES,Female,75-85+,86.4,70.8,2024
Malignant neoplasm of lung,C0242379,Spain,ES,Male,0-14,1.7,0.0,2024
Malignant neoplasm of lung,C0242379,Spain,ES,Male,15-29,0.1,0.1,2024
Malignant neoplasm of lung,C0242379,Spain,ES,Male,30-44,0.0,2.2,2024
Malignant neoplasm of lung,C0242379,Spain,ES,Male,45-59,55.5,28.3,2024
Malignant neoplasm of lung,C0242379,Spain,ES,Male,60-74,251.7,205.5,2024
Malignant neoplasm of lung,C0242379,Spain,ES,Male,75-85+,366.7,343.7,2024
Malignant neoplasm of lung,C0242379,Sweden,SE,Female,0-14,0.1,0.0,2024
Malignant neoplasm of lung,C0242379,Sweden,SE,Female,15-29,0.9,0.0,2024
Malignant neoplasm of lung,C0242379,Sweden,SE,Female,30-44,0.7,1.1,2024
Malignant neoplasm of lung,C0242379,Sweden,SE,Female,45-59,19.4,7.7,2024
Malignant neoplasm of lung,C0242379,Sweden,SE,Female,60-74,135.9,88.5,2024
Malignant neoplasm of lung,C0242379,Sweden,SE,Female,75-85+,178.1,190.1,2024
Malignant neoplasm of lung,C0242379,Sweden,SE,Male,0-14,0.0,0.0,2024
Malignant neoplasm of lung,C0242379,Sweden,SE,Male,15-29,0.8,0.8,2024
Malignant neoplasm of lung,C0242379,Sweden,SE,Male,30-44,0.6,0.0,2024
Malignant neoplasm of lung,C0242379,Sweden,SE,Male,45-59,13.1,5.3,2024
Malignant neoplasm of lung,C0242379,Sweden,SE,Male,60-74,107.2,71.4,2024
Malignant neoplasm of lung,C0242379,Sweden,SE,Male,75-85+,194.2,211.0,2024