rank,Gene_label,Gene_uri,Disease_label,Disease_uri,confidence,context
1,NBN,lucia:gene/ncbigene:4683,Squamous cell carcinoma of lung,lucia:disease/C0149782,5.0247,associated_with -> Lung Neoplasms; associated_with -> Non-Small Cell Lung Carcinoma; associated_with -> Adenocarcinoma of lung (disorder)
2,SOD2,lucia:gene/ncbigene:6648,Squamous cell carcinoma of lung,lucia:disease/C0149782,4.8024,associated_with -> Lung cancer panel; associated_with -> Lung Neoplasms; associated_with -> Non-Small Cell Lung Carcinoma
3,PLAU,lucia:gene/ncbigene:5328,Adenocarcinoma of lung (disorder),lucia:disease/C0152013,4.7655,associated_with -> Hyperplasia; associated_with -> Lung Neoplasms; associated_with -> Non-Small Cell Lung Carcinoma
4,TSC2,lucia:gene/ncbigene:7249,Squamous cell carcinoma of lung,lucia:disease/C0149782,4.7367,associated_with -> Lung Neoplasms; associated_with -> Lung cancer panel; associated_with -> Proteus Syndrome
5,CD274,lucia:gene/ncbigene:29126,Hyperplasia,lucia:disease/C0020507,4.6756,associated_with -> Non-Small Cell Lung Carcinoma; associated_with -> Lung cancer panel; associated_with -> Lung Neoplasms
6,SPP1,lucia:gene/ncbigene:6696,Squamous cell carcinoma of lung,lucia:disease/C0149782,4.6606,associated_with -> Lung cancer panel; associated_with -> Lung Neoplasms; associated_with -> Non-Small Cell Lung Carcinoma
7,CCNB1,lucia:gene/ncbigene:891,Squamous cell carcinoma of lung,lucia:disease/C0149782,4.6379,associated_with -> Hyperplasia; associated_with -> Adenocarcinoma of lung (disorder); associated_with -> Malignant neoplasm of lung
8,SLC16A1,lucia:gene/ncbigene:6566,Squamous cell carcinoma of lung,lucia:disease/C0149782,4.5961,associated_with -> Non-Small Cell Lung Carcinoma; associated_with -> Adenocarcinoma of lung (disorder); associated_with -> Small cell carcinoma of lung
9,ABCB1,lucia:gene/ncbigene:5243,Hyperplasia,lucia:disease/C0020507,4.5449,associated_with -> Lung Neoplasms; associated_with -> Squamous cell carcinoma of lung; associated_with -> Non-Small Cell Lung Carcinoma
10,FLT1,lucia:gene/ncbigene:2321,Squamous cell carcinoma of lung,lucia:disease/C0149782,4.531,associated_with -> Lung cancer panel; associated_with -> Lung Neoplasms; associated_with -> Small cell carcinoma of lung
11,IDH1,lucia:gene/ncbigene:3417,Squamous cell carcinoma of lung,lucia:disease/C0149782,4.5166,associated_with -> Adenocarcinoma of lung (disorder); associated_with -> Small cell carcinoma of lung; associated_with -> Malignant neoplasm of lung
12,ABCG2,lucia:gene/ncbigene:9429,Squamous cell carcinoma of lung,lucia:disease/C0149782,4.5152,associated_with -> Lung cancer panel; associated_with -> Lung Neoplasms; associated_with -> Non-Small Cell Lung Carcinoma
13,ALK,lucia:gene/ncbigene:238,Hyperplasia,lucia:disease/C0020507,4.513,associated_with -> Lung Neoplasms; associated_with -> Squamous cell carcinoma of lung; associated_with -> Lung cancer panel
14,PLAUR,lucia:gene/ncbigene:5329,Squamous cell carcinoma of lung,lucia:disease/C0149782,4.5084,associated_with -> Lung Neoplasms; associated_with -> Hyperplasia; associated_with -> Non-Small Cell Lung Carcinoma
15,BCL2,lucia:gene/ncbigene:596,Lymphoepithelial carcinoma,lucia:disease/C0334254,4.4959,associated_with -> Hyperplasia; associated_with -> Metaplasia; associated_with -> Lung Neoplasms
16,COL11A2,lucia:gene/ncbigene:1302,Adenocarcinoma of lung (disorder),lucia:disease/C0152013,4.4957,associated_with -> Squamous cell carcinoma of lung; associated_with -> Lung Neoplasms; associated_with -> Small cell carcinoma of lung
17,BCL2,lucia:gene/ncbigene:596,Squamous non-small cell lung cancer,lucia:disease/C4509816,4.4823,associated_with -> Hyperplasia; associated_with -> Metaplasia; associated_with -> Lung Neoplasms
18,CD274,lucia:gene/ncbigene:29126,"Adenocarcinoma, Oxyphilic",lucia:disease/C0205642,4.474,associated_with -> Non-Small Cell Lung Carcinoma; associated_with -> Lung cancer panel; associated_with -> Lung Neoplasms
19,CXCL12,lucia:gene/ncbigene:6387,Squamous cell carcinoma of lung,lucia:disease/C0149782,4.4463,associated_with -> Lung Neoplasms; associated_with -> Lung cancer panel; associated_with -> Non-Small Cell Lung Carcinoma
20,BCL2,lucia:gene/ncbigene:596,Bronchioloalveolar Adenocarcinoma,lucia:disease/C0007120,4.4252,associated_with -> Hyperplasia; associated_with -> Metaplasia; associated_with -> Lung Neoplasms
21,VDR,lucia:gene/ncbigene:7421,Squamous cell carcinoma of lung,lucia:disease/C0149782,4.3914,associated_with -> Lung cancer panel; associated_with -> Hyperplasia; associated_with -> Lung Neoplasms
22,AKT2,lucia:gene/ncbigene:208,Squamous cell carcinoma of lung,lucia:disease/C0149782,4.3884,associated_with -> Lung Neoplasms; associated_with -> Small cell carcinoma of lung; associated_with -> Adenocarcinoma of lung (disorder)
23,CD274,lucia:gene/ncbigene:29126,Bronchioloalveolar Adenocarcinoma,lucia:disease/C0007120,4.3884,associated_with -> Non-Small Cell Lung Carcinoma; associated_with -> Lung cancer panel; associated_with -> Lung Neoplasms
24,ABCB1,lucia:gene/ncbigene:5243,Lung cancer panel,lucia:disease/C0024115,4.3793,associated_with -> Lung Neoplasms; associated_with -> Squamous cell carcinoma of lung; associated_with -> Non-Small Cell Lung Carcinoma
25,NBN,lucia:gene/ncbigene:4683,Hyperplasia,lucia:disease/C0020507,4.3763,associated_with -> Lung Neoplasms; associated_with -> Non-Small Cell Lung Carcinoma; associated_with -> Adenocarcinoma of lung (disorder)
26,ALK,lucia:gene/ncbigene:238,"Adenocarcinoma, Oxyphilic",lucia:disease/C0205642,4.371,associated_with -> Lung Neoplasms; associated_with -> Squamous cell carcinoma of lung; associated_with -> Lung cancer panel
27,ABCB1,lucia:gene/ncbigene:5243,"Adenocarcinoma, Oxyphilic",lucia:disease/C0205642,4.3633,associated_with -> Lung Neoplasms; associated_with -> Squamous cell carcinoma of lung; associated_with -> Non-Small Cell Lung Carcinoma
28,GSTP1,lucia:gene/ncbigene:2950,Hyperplasia,lucia:disease/C0020507,4.3509,associated_with -> Lung Neoplasms; associated_with -> Lung cancer panel; associated_with -> Squamous cell carcinoma of lung
29,TP73,lucia:gene/ncbigene:7161,Squamous cell carcinoma of lung,lucia:disease/C0149782,4.3444,associated_with -> Lung Neoplasms; associated_with -> Hyperplasia; associated_with -> Non-Small Cell Lung Carcinoma
30,IGFBP3,lucia:gene/ncbigene:3486,Squamous cell carcinoma of lung,lucia:disease/C0149782,4.3347,associated_with -> Lung Neoplasms; associated_with -> Hyperplasia; associated_with -> Non-Small Cell Lung Carcinoma
31,ICAM1,lucia:gene/ncbigene:3383,Squamous cell carcinoma of lung,lucia:disease/C0149782,4.3257,associated_with -> Lung cancer panel; associated_with -> Lung Neoplasms; associated_with -> Adenocarcinoma of lung (disorder)
32,CDKN2C,lucia:gene/ncbigene:1031,Adenocarcinoma of lung (disorder),lucia:disease/C0152013,4.315,associated_with -> Malignant neoplasm of lung; associated_with -> Non-Small Cell Lung Carcinoma; in_pathway -> WP179
33,EPHB2,lucia:gene/ncbigene:2048,Squamous cell carcinoma of lung,lucia:disease/C0149782,4.3077,associated_with -> Lung Neoplasms; associated_with -> Adenocarcinoma of lung (disorder); associated_with -> Small cell carcinoma of lung
34,APEX1,lucia:gene/ncbigene:328,Squamous cell carcinoma of lung,lucia:disease/C0149782,4.3064,associated_with -> Lung Neoplasms; associated_with -> Hyperplasia; associated_with -> Lung cancer panel
35,KIT,lucia:gene/ncbigene:3815,Hyperplasia,lucia:disease/C0020507,4.3045,associated_with -> Lung cancer panel; associated_with -> Lung Neoplasms; associated_with -> Squamous cell carcinoma of lung
36,CDKN2C,lucia:gene/ncbigene:1031,Squamous cell carcinoma of lung,lucia:disease/C0149782,4.3037,associated_with -> Malignant neoplasm of lung; associated_with -> Non-Small Cell Lung Carcinoma; in_pathway -> WP179
37,ABCB1,lucia:gene/ncbigene:5243,Squamous non-small cell lung cancer,lucia:disease/C4509816,4.3001,associated_with -> Lung Neoplasms; associated_with -> Squamous cell carcinoma of lung; associated_with -> Non-Small Cell Lung Carcinoma
38,ABCB1,lucia:gene/ncbigene:5243,Lymphoepithelial carcinoma,lucia:disease/C0334254,4.2962,associated_with -> Lung Neoplasms; associated_with -> Squamous cell carcinoma of lung; associated_with -> Non-Small Cell Lung Carcinoma
39,BRCA1,lucia:gene/ncbigene:672,Squamous cell carcinoma of lung,lucia:disease/C0149782,4.292,associated_with -> Lung Neoplasms; associated_with -> Adenocarcinoma of lung (disorder); associated_with -> Small cell carcinoma of lung
40,ABCC2,lucia:gene/ncbigene:1244,Adenocarcinoma of lung (disorder),lucia:disease/C0152013,4.2875,associated_with -> Lung Neoplasms; associated_with -> Small cell carcinoma of lung; associated_with -> Malignant neoplasm of lung
41,IL12B,lucia:gene/ncbigene:3593,Adenocarcinoma of lung (disorder),lucia:disease/C0152013,4.2799,associated_with -> Lung cancer panel; associated_with -> Non-Small Cell Lung Carcinoma; associated_with -> Lung Carcinoma Metastatic in the Brain
42,CD274,lucia:gene/ncbigene:29126,Metaplasia,lucia:disease/C0025568,4.2735,associated_with -> Non-Small Cell Lung Carcinoma; associated_with -> Lung cancer panel; associated_with -> Lung Neoplasms
43,ABCC2,lucia:gene/ncbigene:1244,Squamous cell carcinoma of lung,lucia:disease/C0149782,4.2711,associated_with -> Lung Neoplasms; associated_with -> Small cell carcinoma of lung; associated_with -> Malignant neoplasm of lung
44,CSF1R,lucia:gene/ncbigene:1436,Lung Neoplasms,lucia:disease/C0024121,4.271,associated_with -> Squamous cell carcinoma of lung; associated_with -> Lung cancer panel; associated_with -> Small cell carcinoma of lung
45,IL12B,lucia:gene/ncbigene:3593,Squamous cell carcinoma of lung,lucia:disease/C0149782,4.2624,associated_with -> Lung cancer panel; associated_with -> Non-Small Cell Lung Carcinoma; associated_with -> Lung Carcinoma Metastatic in the Brain
46,PIK3CG,lucia:gene/ncbigene:5294,Hyperplasia,lucia:disease/C0020507,4.2489,associated_with -> Proteus Syndrome; associated_with -> Lung Neoplasms; associated_with -> Non-Small Cell Lung Carcinoma
47,PIK3CB,lucia:gene/ncbigene:5291,Hyperplasia,lucia:disease/C0020507,4.2417,associated_with -> Lung Neoplasms; associated_with -> Squamous cell carcinoma of lung; associated_with -> Proteus Syndrome
48,STK11,lucia:gene/ncbigene:6794,Hyperplasia,lucia:disease/C0020507,4.2411,associated_with -> Lung cancer panel; associated_with -> Lung Neoplasms; associated_with -> Non-Small Cell Lung Carcinoma
49,CYP1B1,lucia:gene/ncbigene:1545,Squamous cell carcinoma of lung,lucia:disease/C0149782,4.2373,associated_with -> Lung Neoplasms; associated_with -> Adenocarcinoma of lung (disorder); associated_with -> Malignant neoplasm of lung
50,CBR1,lucia:gene/ncbigene:873,Adenocarcinoma of lung (disorder),lucia:disease/C0152013,4.2352,associated_with -> Squamous cell carcinoma of lung; associated_with -> Lung Neoplasms; associated_with -> Small cell carcinoma of lung
