"PathwayId","PathwayName"
"WP100","Glutathione metabolism"
"WP106","Alanine and aspartate metabolism"
"WP107","Translation factors"
"WP111","Electron transport chain: OXPHOS system in mitochondria"
"WP117","GPCRs, other"
"WP12","Osteoclast signaling"
"WP127","IL5 signaling"
"WP129","Matrix metalloproteinases"
"WP134","Pentose phosphate metabolism"
"WP136","Phase I biotransformations, non-P450"
"WP138","Androgen receptor signaling"
"WP1403","AMP-activated protein kinase signaling"
"WP1422","Sphingolipid pathway"
"WP1423","Ganglio sphingolipid metabolism"
"WP1424","Globo sphingolipid metabolism"
"WP1425","Bone morphogenic protein signaling and regulation"
"WP143","Fatty acid beta-oxidation"
"WP1433","Nucleotide-binding oligomerization domain (NOD) pathway"
"WP1434","Osteopontin signaling"
"WP1438","Influenza A virus infection"
"WP1449","Regulation of toll-like receptor signaling"
"WP1455","Serotonin transporter activity"
"WP1471","Target of rapamycin signaling"
"WP1495","Glycine metabolism"
"WP15","Selenium micronutrient network"
"WP1528","Physiological and pathological hypertrophy of the heart"
"WP1530","miRNA regulation of DNA damage response"
"WP1531","Vitamin D metabolism"
"WP1533","Vitamin B12 metabolism"
"WP1539","Angiogenesis"
"WP1541","Energy metabolism"
"WP1544","MicroRNAs in cardiomyocyte hypertrophy"
"WP1545","miRNAs involved in DNA damage response"
"WP1559","Transcription factors regulate miRNAs related to cardiac hypertrophy"
"WP1584","Type II diabetes mellitus"
"WP1589","Folate-alcohol and cancer pathway hypotheses"
"WP1591","Heart development"
"WP1600","Nicotine metabolism in liver cells"
"WP1601","Fluoropyrimidine activity"
"WP1602","Nicotine effect on dopaminergic neurons"
"WP1603","Nicotine effect on chromaffin cells"
"WP1604","Codeine and morphine metabolism"
"WP167","Eicosanoid synthesis"
"WP170","Nuclear receptors"
"WP1742","TP53 network"
"WP176","Folate metabolism"
"WP1772","Apoptosis modulation and signaling"
"WP1775","Cell cycle checkpoints"
"WP1780","ABC-family proteins mediated transport"
"WP1781","Advanced glycosylation endproduct receptor signaling"
"WP1784","Apoptotic execution phase"
"WP1785","Asparagine N-linked glycosylation"
"WP1788","Bile acid and bile salt metabolism"
"WP1789","Insulin-like Growth Factor-2 mRNA Binding Proteins binding to RNA"
"WP179","Cell cycle"
"WP1793","Cell junction organization"
"WP1794","Cell surface interactions at the vascular wall"
"WP1795","Cholesterol biosynthesis"
"WP1797","Circadian Clock"
"WP1798","Complement cascade"
"WP1799","Costimulation by the CD28 family"
"WP1800","Presynaptic depolarization and calcium channel opening"
"WP1802","Dissolution of Fibrin Clot"
"WP1803","DNA Damage Bypass"
"WP1804","DNA Damage Reversal"
"WP1809","Effects of PIP2 hydrolysis"
"WP1811","Eukaryotic translation elongation"
"WP1812","Eukaryotic translation initiation"
"WP1813","Eukaryotic translation termination"
"WP1815","Factors involved in megakaryocyte development and platelet production"
"WP1818","Formation of Fibrin Clot and the Clotting Cascade"
"WP1820","Gap junction trafficking and regulation"
"WP1822","Generic transcription pathway"
"WP1823","GP1b-IX-V activation signaling"
"WP1826","GPVI-mediated activation cascade"
"WP1829","Immunoregulatory interactions between lymphoid and non-lymphoid cells"
"WP183","Proteasome degradation"
"WP1831","Integration of energy metabolism"
"WP1835","Interferon alpha/beta signaling"
"WP1836","Interferon gamma signaling"
"WP1838","Interleukin-1 processing"
"WP1839","Interleukin-1 family signaling"
"WP1840","Interleukin-3, Interleukin-5 and GM-CSF signaling"
"WP1841","Intrinsic Pathway for Apoptosis"
"WP1842","Kinesins"
"WP1843","L1CAM interactions"
"WP1845","MAPK targets/ Nuclear events mediated by MAP kinases"
"WP185","Integrin-mediated cell adhesion"
"WP1850","Metabolism of nitric oxide: NOS3 activation and regulation"
"WP1852","Metabolism of porphyrins"
"WP1857","Metabolism of water-soluble vitamins and cofactors"
"WP1858","Mitotic G1 phase and G1/S transition"
"WP1859","Mitotic G2-G2/M phases"
"WP186","Homologous recombination"
"WP1861","mRNA Capping"
"WP1862","mRNA Editing"
"WP1865","Myogenesis"
"WP1866","NCAM signaling for neurite out-growth"
"WP1867","Nephrin family interactions"
"WP1868","Netrin-1 signaling"
"WP1870","Neurotransmitter clearance"
"WP1871","Neurotransmitter release cycle"
"WP1872","Neurotransmitter uptake and metabolism In glial cells"
"WP1873","Signaling by NTRK1"
"WP1874","Nucleosome assembly"
"WP1877","Passive transport by Aquaporins"
"WP1878","Peroxisomal lipid metabolism"
"WP1883","Platelet adhesion to exposed collagen"
"WP1884","Platelet Aggregation (Plug Formation)"
"WP1885","Platelet homeostasis"
"WP1887","Post-translational modification: synthesis of GPI-anchored proteins"
"WP1889","Processing of Capped Intron-Containing Pre-mRNA"
"WP1890","Processing of Capped Intronless Pre-mRNA"
"WP1892","Protein folding"
"WP1895","Rap1 signaling"
"WP1896","Regulation of apoptosis"
"WP1902","Respiratory electron transport, ATP synthesis by chemiosmotic coupling, and heat production by uncoupling proteins."
"WP1903","Response to elevated platelet cytosolic Ca ions"
"WP1904","DDX58/IFIH1-mediated induction of interferon-alpha/beta"
"WP1906","RNA Polymerase II Transcription"
"WP1907","Semaphorin interactions"
"WP1908","Signal amplification"
"WP1909","Signal regulatory protein family interactions"
"WP1910","Signaling by EGFR"
"WP1913","Signaling by insulin receptor"
"WP1916","Signaling by PDGF"
"WP1917","Signaling by Rho GTPases"
"WP1918","Signaling by ROBO receptors"
"WP1919","Signaling by VEGF"
"WP1925","Synthesis of DNA"
"WP1926","Transport of glycerol from adipocytes to liver by aquaporins"
"WP1927","TCR signaling"
"WP1928","Telomere Maintenance"
"WP1929","Thrombin signaling through proteinase activated receptors (PARs)"
"WP1934","Transmission across Electrical Synapses "
"WP1935","Transport of bile salts and organic acids, metal ions and amine compounds"
"WP1936","Transport of inorganic cations/anions and amino acids/oligopeptides"
"WP1937","Transport of vitamins, nucleosides, and related molecules"
"WP1938","tRNA aminoacylation"
"WP1939","Unfolded Protein Response"
"WP1941","Peroxisomal beta-oxidation of tetracosanoyl-CoA"
"WP1946","Cori cycle"
"WP195","IL1 signaling"
"WP197","Cholesterol biosynthesis pathway"
"WP1971","Integrated cancer pathway"
"WP1978","Opioid signaling"
"WP1980","Nucleotide Excision Repair"
"WP1981","Thyroxine (thyroid hormone) production"
"WP1982","Sterol regulatory element-binding proteins (SREBP) signaling"
"WP1984","Integrated breast cancer pathway"
"WP1991","SRF and miRs in smooth muscle differentiation and proliferation"
"WP1992","Genes targeted by miRNAs in adipocytes"
"WP1993","Angiogenesis overview"
"WP1995","Effects of nitric oxide"
"WP2001","miR-targeted genes in adipocytes"
"WP2002","miR-targeted genes in epithelium"
"WP2003","miR-targeted genes in leukocytes"
"WP2004","miR-targeted genes in lymphocytes"
"WP2005","miR-targeted genes in muscle cell"
"WP2006","miR-targeted genes in squamous cell"
"WP2007","Iron metabolism in placenta"
"WP2011","SREBF and miR33 in cholesterol and lipid homeostasis"
"WP2012","miRNA in muscle cell differentiation"
"WP2018","RANKL/RANK signaling"
"WP2023","Cell differentiation - expanded index"
"WP2029","Cell differentiation - index"
"WP2032","Thyroid stimulating hormone (TSH) signaling"
"WP2034","Leptin signaling"
"WP2035","Follicle stimulating hormone (FSH) signaling"
"WP2036","TNF-related weak inducer of apoptosis (TWEAK) signaling"
"WP2037","Prolactin signaling"
"WP2038","Microtubule cytoskeleton regulation"
"WP205","IL7 signaling"
"WP2059","Alzheimer's disease and miRNA effects"
"WP206","Fatty acid omega-oxidation"
"WP2064","Neural crest differentiation"
"WP2112","IL17 signaling"
"WP2113","Type III interferon signaling"
"WP2118","Arrhythmogenic right ventricular cardiomyopathy"
"WP2197","Endothelin pathways"
"WP22","IL9 signaling"
"WP2203","Thymic stromal lymphopoietin (TSLP) signaling"
"WP2249","Metastatic brain tumor"
"WP2253","Pilocytic astrocytoma"
"WP2261","Glioblastoma signaling"
"WP2263","Androgen receptor network in prostate cancer"
"WP2267","Synaptic vesicle pathway"
"WP2272","Pathogenic Escherichia coli infection"
"WP2276","Glial cell differentiation"
"WP2289","Drug induction of bile acid pathway"
"WP229","Irinotecan pathway"
"WP2290","RalA downstream regulated genes"
"WP2291","Deregulation of Rab and Rab effector genes in bladder cancer"
"WP23","B cell receptor signaling"
"WP231","TNF-alpha signaling"
"WP2324","AGE/RAGE pathway"
"WP2328","Allograft rejection"
"WP2332","IL11 signaling"
"WP2333","Trans-sulfuration pathway"
"WP2338","miRNA biogenesis"
"WP2355","Corticotropin-releasing hormone signaling"
"WP2359","Parkin-ubiquitin proteasomal system pathway"
"WP236","Adipogenesis"
"WP2361","Gastric cancer network 1"
"WP2363","Gastric cancer network 2"
"WP2366","Butyrate-induced histone acetylation"
"WP2369","Histone modifications"
"WP2371","Parkinson's disease pathway"
"WP2374","Oncostatin M signaling"
"WP2380","Brain-derived neurotrophic factor (BDNF) signaling"
"WP24","Peptide GPCRs"
"WP2406","Cardiac progenitor differentiation"
"WP241","One-carbon metabolism"
"WP2431","Spinal cord injury"
"WP2435","Quercetin and Nf-kB / AP-1 induced apoptosis"
"WP2436","Dopamine metabolism"
"WP244","Alpha 6 beta 4 signaling"
"WP2446","Retinoblastoma gene in cancer"
"WP2447","Amyotrophic lateral sclerosis (ALS)"
"WP2453","TCA cycle and deficiency of pyruvate dehydrogenase complex (PDHc)"
"WP2456","HIF1A and PPARG in cardiac hypertropthy"
"WP2456","HIF1A and PPARG in hypertrophic cardiomyopathy"
"WP247","Small ligand GPCRs"
"WP2485","NAD biosynthesis II from tryptophan"
"WP2489","Multi-drug resistance protein 1 (glycoprotein 1) regulation"
"WP2491","Diclofenac metabolic pathway"
"WP2507","Nanomaterial induced apoptosis"
"WP2509","Nanoparticle triggered autophagic cell death"
"WP2513","Nanoparticle triggered regulated necrosis"
"WP2516","ATM signaling"
"WP2525","Trans-sulfuration, one-carbon metabolism and related pathways"
"WP2526","PDGF pathway"
"WP2533","Glycerophospholipid biosynthetic pathway"
"WP2536","Colchicine metabolic pathway"
"WP254","Apoptosis"
"WP2542","Sulindac metabolic pathway"
"WP2571","Polycystic kidney disease pathway"
"WP2572","Primary focal segmental glomerulosclerosis (FSGS)"
"WP2583","T cell receptor and co-stimulatory signaling"
"WP2586","Aryl hydrocarbon receptor pathway"
"WP259","Nifedipine activity"
"WP2593","JAK/STAT pathway"
"WP2596","Gastric acid production"
"WP2597","Secretion of hydrochloric acid in parietal cells"
"WP26","S1P receptor signal transduction"
"WP262","Ebstein-Barr virus LMP1 signaling"
"WP2636","Common pathways underlying drug addiction"
"WP2637","Interleukin-1 (IL-1) structural pathway"
"WP2640","Aripiprazole metabolic pathway"
"WP2643","Nanoparticle-mediated activation of receptor signaling"
"WP2645","Heroin metabolism"
"WP2646","Lidocaine metabolism"
"WP2650","Arachidonic acid metabolism"
"WP2652","Mitotic Prometaphase"
"WP2653","PIP3 activates AKT signaling"
"WP2654","Mitotic Prophase"
"WP2655","ATF6 (ATF6-alpha) activates chaperone genes"
"WP2656","TAK1 activates NF-kB by phosphorylation and activation of IKK complex"
"WP2657","Growth hormone receptor signaling"
"WP2658","HIV Life Cycle"
"WP2659","Deadenylation-dependent mRNA decay"
"WP2662","Vasopressin regulates renal water homeostasis via aquaporins"
"WP2664","Gastrin-CREB signaling via PKC and MAPK"
"WP2665","Neurotoxicity of clostridium toxins"
"WP2666","Elastic fibre formation"
"WP2669","Potassium Channels"
"WP2670","Iron uptake and transport"
"WP2671","Defensins"
"WP2672","ISG15 antiviral mechanism"
"WP2673","Interleukin-7 signaling"
"WP2675","Signaling by NODAL"
"WP2677","Signaling by type 1 insulin-like growth factor 1 receptor (IGF1R)"
"WP2678","Prolactin receptor signaling"
"WP2679","MHC class II antigen presentation"
"WP268","Notch signaling"
"WP2681","Erythrocytes take up oxygen and release carbon dioxide"
"WP2683","Influenza Infection"
"WP2684","Host Interactions of HIV factors"
"WP2685","GABA synthesis, release, reuptake and degradation"
"WP2686","Regulation of cholesterol biosynthesis by SREBP (SREBF)"
"WP2688","DAG and IP3 signaling"
"WP2690","Cytosolic iron-sulfur cluster assembly"
"WP2691","Peptide hormone biosynthesis"
"WP2694","DAP12 interactions"
"WP2697","Fertilization"
"WP2698","Meiotic recombination"
"WP2702","Mitochondrial iron-sulfur cluster biogenesis"
"WP2703","Extracellular matrix organization"
"WP2706","Activation of gene expression by SREBF (SREBP)"
"WP2708","Collagen degradation"
"WP2709","Trafficking and processing of endosomal TLR"
"WP2710","Nonsense-Mediated Decay (NMD)"
"WP2712","Abacavir transport and metabolism"
"WP2713","Signaling by SCF-KIT"
"WP2714","Signaling by Hippo"
"WP2715","Metabolism of non-coding RNA"
"WP2717","Mitochondrial protein import"
"WP2718","Signaling by NOTCH2"
"WP2719","Fcgamma receptor (FCGR) dependent phagocytosis"
"WP272","Blood clotting cascade"
"WP2720","Signaling by NOTCH1"
"WP2721","Signaling by NOTCH4"
"WP2722","Signaling by NOTCH3"
"WP2724","Alpha-linolenic (omega-3) and linoleic (omega-6) acid metabolism"
"WP2725","Collagen biosynthesis and modifying enzymes"
"WP2727","Cellular response to hypoxia"
"WP2728","Incretin synthesis, secretion, and inactivation"
"WP2729","Metabolism of angiotensinogen to angiotensins"
"WP2731","Meiotic synapsis"
"WP2732","Interleukin-2 family signaling"
"WP2733","Regulation of mRNA stability by proteins that bind AU-rich elements"
"WP2735","RAF/MAP kinase cascade"
"WP2736","Insulin processing"
"WP2737","SRP-dependent cotranslational protein targeting to membrane"
"WP2738","YAP1- and WWTR1 (TAZ)-stimulated gene expression"
"WP2740","Glycerophospholipid biosynthesis"
"WP2741","Inositol phosphate metabolism"
"WP2742","Signaling by TGF-beta receptor complex"
"WP2743","Glycosaminoglycan metabolism"
"WP2744","Erythrocytes take up carbon dioxide and release oxygen"
"WP2746","Signaling by the B Cell Receptor (BCR)"
"WP2747","PI Metabolism"
"WP2748","Energy dependent regulation of mTOR by LKB1-AMPK"
"WP2749","Metabolism of steroid hormones"
"WP2751","Transcriptional regulation of white adipocyte differentiation"
"WP2752","MyD88-independent TLR4 cascade "
"WP2753","ATF4 activates genes in response to endoplasmic reticulum  stress"
"WP2754","Neurotransmitter receptors and postsynaptic signal transmission"
"WP2755","Transcriptional activity of SMAD2/SMAD3:SMAD4 heterotrimer"
"WP2757","Mitotic Metaphase and Anaphase"
"WP2759","Fc epsilon receptor (FCERI) signaling"
"WP2760","Signaling by BMP"
"WP2761","MyD88:MAL(TIRAP) cascade initiated on plasma membrane"
"WP2762","Gamma carboxylation, hypusine formation and arylsulfatase activation"
"WP2763","Nucleotide-binding domain, leucine rich repeat containing receptor (NLR) signaling"
"WP2765","Mitotic Telophase/Cytokinesis"
"WP2766","Citric acid cycle and respiratory electron transport"
"WP2768","MyD88 dependent cascade initiated on endosome"
"WP2769","Activation of Matrix Metalloproteinases"
"WP2770","Reversible hydration of carbon dioxide"
"WP2772","S Phase"
"WP2773","Degradation of beta-catenin by the destruction complex"
"WP2774","Degradation of the extracellular matrix"
"WP2775","Toll-like receptor cascades"
"WP2776","Visual phototransduction"
"WP2777","Translocation of SLC2A4 (GLUT4) to the plasma membrane"
"WP2778","SUMOylation"
"WP2780","Signaling by ERBB2"
"WP2781","Signaling by ERBB4"
"WP2784","Binding and uptake of ligands by scavenger receptors"
"WP2786","Pre-NOTCH Expression and Processing"
"WP2787","Syndecan interactions"
"WP2788","Sphingolipid metabolism"
"WP2790","WNT ligand biogenesis and trafficking"
"WP2791","Signaling by Activin"
"WP2792","MAP kinase activation"
"WP2794","Cytosolic sensors of pathogen-associated DNA "
"WP2795","Cardiac hypertrophic response"
"WP2797","Regulation of lipid metabolism by PPARalpha"
"WP2798","Assembly of collagen fibrils and other multimeric structures"
"WP2799","Regulation of IGF transport and uptake by IGF binding proteins"
"WP28","Selenium metabolism and selenoproteins"
"WP2801","MyD88 cascade initiated on plasma membrane"
"WP2804","Hair follicle development: induction - stage 1 of 3"
"WP2805","exRNA mechanism of action and biogenesis"
"WP2806","Complement system"
"WP2813","Mammary gland development: embryonic development - stage 1 of 4"
"WP2814","Mammary gland development: puberty - stage 2 of 4"
"WP2815","Mammary gland development: involution - stage 4 of 4"
"WP2816","Felbamate metabolism"
"WP2817","Mammary gland development: pregnancy and lactation - stage 3 of 4"
"WP2821","Transcriptional regulation of pluripotent stem cells"
"WP2824","Detoxification of reactive oxygen species"
"WP2826","Cocaine metabolism"
"WP2828","Bladder cancer"
"WP2839","Hair follicle development: organogenesis - stage 2 of 3"
"WP2840","Hair follicle development: cytodifferentiation - stage 3 of 3"
"WP2846","PCSK9-mediated LDL receptor degradation"
"WP2848","Pluripotent stem cell differentiation pathway"
"WP2849","Hematopoietic stem cell differentiation"
"WP2853","Endoderm differentiation"
"WP2854","Gene regulatory network modeling somitogenesis "
"WP2855","Dopaminergic neurogenesis"
"WP2857","Mesodermal commitment pathway"
"WP2858","Ectoderm differentiation"
"WP286","IL3 signaling"
"WP2864","Apoptosis-related network due to altered Notch3 in ovarian cancer"
"WP2865","IL1 and megakaryocytes in obesity"
"WP2868","TCA cycle nutrient use and invasiveness of ovarian cancer"
"WP2870","Extracellular vesicle-mediated signaling in recipient cells"
"WP2873","Aryl hydrocarbon receptor pathway"
"WP2874","Liver X receptor pathway"
"WP2875","Constitutive androstane receptor pathway"
"WP2876","Pregnane X receptor pathway"
"WP2877","Vitamin D receptor pathway"
"WP2878","PPAR-alpha pathway"
"WP2879","Farnesoid X receptor pathway"
"WP288","Nod-like receptor (NLR) signaling"
"WP2880","Glucocorticoid receptor pathway"
"WP2881","Estrogen receptor pathway"
"WP2882","Nuclear receptors meta-pathway"
"WP2884","NRF2 pathway"
"WP2887","Lipid storage and perilipins in skeletal muscle"
"WP2889","Oxytocin signaling"
"WP289","Myometrial relaxation and contraction pathways"
"WP2895","Differentiation of white and brown adipocyte"
"WP2911","miRNA targets in ECM and membrane receptors"
"WP2916","Interactome of polycomb repressive complex 2 (PRC2) "
"WP2942","DDX1 as a regulatory component of the Drosha microprocessor"
"WP2943","Hypoxia-mediated EMT and stemness"
"WP299","Nuclear receptors in lipid metabolism and toxicity"
"WP3","Transcriptional activation by NRF2 in response to phytochemicals"
"WP304","Kit receptor signaling"
"WP306","Focal adhesion"
"WP313","Hepatocyte growth factor receptor signaling"
"WP314","Fas ligand pathway and stress induction of heat shock proteins"
"WP322","Osteoblast signaling"
"WP325","Triacylglyceride synthesis"
"WP3286","Copper homeostasis"
"WP3287","Overview of nanoparticle effects"
"WP3289","Cell division cycle 27"
"WP3295","Chemical compounds to monitor proteins"
"WP3297","EV release from cardiac cells and their functional effects"
"WP3298","Melatonin metabolism and effects"
"WP3299","let-7 inhibition of ES cell reprogramming"
"WP3300","Dual hijack model of Vif in HIV infection"
"WP3301","MFAP5-mediated ovarian cancer cell motility and invasiveness"
"WP3302","eIF5A regulation in response to inhibition of the nuclear export system"
"WP3303","RAC1/PAK1/p38/MMP2 pathway"
"WP3305","NoRC negatively regulates rRNA expression"
"WP3306","Aflatoxin activation and detoxification"
"WP3307","MAPK6/MAPK4 signaling"
"WP3308","Oncogene Induced Senescence"
"WP3309","EPH-Ephrin signaling"
"WP3310","Mitochondrial translation"
"WP3312","PRC2 methylates histones and DNA"
"WP3313","Hedgehog 'on' state"
"WP3315","O-linked glycosylation"
"WP3316","Hedgehog 'off' state"
"WP3317","Caspase activation via dependence receptors in the absence of ligand"
"WP3318","MTOR signaling"
"WP3320","Miscellaneous transport and binding events"
"WP3322","RHO GTPases regulate CFTR trafficking"
"WP3327","SUMOylation of DNA damage response and repair proteins"
"WP3330","RHO GTPases activate IQGAPs"
"WP3331","Mitochondrial biogenesis"
"WP3332","RAF-independent MAPK1/3 activation"
"WP3333","POU5F1 (OCT4), SOX2, NANOG activate genes related to proliferation"
"WP3334","Signaling by FGFR4"
"WP3335","Signaling by FGFR1"
"WP3336","Signaling by FGFR3"
"WP3337","RHO GTPases activate KTN1"
"WP3338","Signaling by FGFR2"
"WP3339","TCF dependent signaling in response to WNT"
"WP334","GPCRs, class B secretin-like"
"WP3345","Resolution of Abasic Sites (AP sites)"
"WP3348","Macroautophagy"
"WP3349","TP53 Regulates Metabolic Genes"
"WP3350","TNFs bind their physiological receptors"
"WP3351","RHO GTPases activate PAKs"
"WP3352","Toll-like receptor 3 (TLR3) cascade"
"WP3354","C-type lectin receptors"
"WP3355","BMAL1:CLOCK,NPAS2 activates circadian gene expression"
"WP3357","RHO GTPases activate PKNs"
"WP3358","Caspase activation via death receptors in the presence of ligand"
"WP3359","DNA methylation"
"WP3360","Uptake and function of diphtheria toxin"
"WP3363","Sialic acid metabolism"
"WP3364","SIRT1 negatively regulates rRNA expression"
"WP3365","RHO GTPases activate ROCKs"
"WP3370","RORA activates gene expression"
"WP3372","TET1,2,3 and TDG demethylate DNA"
"WP3374","Signaling by leptin"
"WP3376","RHO GTPases activate CIT"
"WP3377","Melanin biosynthesis"
"WP3379","RHO GTPases activate formins"
"WP3380","TNF signaling"
"WP3381","Mismatch Repair"
"WP3382","POU5F1 (OCT4), SOX2, NANOG repress genes related to differentiation"
"WP3384","RHO GTPases activate rhotekin and rhophilins"
"WP3388","RHO GTPases activate WASPs and WAVEs"
"WP3390","Uptake and function of anthrax toxins"
"WP3391","Senescence-associated secretory phenotype (SASP)"
"WP3392","LGI-ADAM interactions"
"WP3394","NR1D1 (REV-ERBA) represses gene expression"
"WP3395","Cellular response to heat stress"
"WP3396","RHO GTPases activate NADPH oxidases"
"WP3397","Activated PKN1 stimulates transcription of AR-regulated genes KLK2 and KLK3"
"WP3398","TNFR2 non-canonical NF-kB pathway"
"WP3399","Base-Excision Repair, AP Site Formation"
"WP34","Ovarian infertility"
"WP3400","TRAIL  signaling"
"WP3401","Hedgehog ligand biogenesis"
"WP3404","Oxidative Stress Induced Senescence"
"WP3407","FTO obesity variant mechanism"
"WP3408","Evolocumab mechanism to reduce LDL cholesterol"
"WP3413","NOTCH1 regulation of endothelial cell calcification"
"WP3414","Initiation of transcription and translation elongation at the HIV-1 LTR"
"WP3418","Demo_complete"
"WP3436","Synthesis, secretion, and deacylation of Ghrelin"
"WP3472","XBP1(S) activates chaperone genes"
"WP3486","Abnormal conversion of 2-oxoglutarate to 2-hydroxyglutarate"
"WP3498","Assembly of the primary cilium"
"WP35","G protein signaling"
"WP3513","Regulation of beta-cell development"
"WP3527","Pre-implantation embryo"
"WP3529","Zinc homeostasis"
"WP3539","WikiPathways Tutorial: demo_step3"
"WP3543","DNA Double Strand Break Response"
"WP3545","NIK -&gt; non-canonical NF-kB signaling"
"WP3547","Amyloid fiber formation"
"WP3548","Metabolism of amine-derived hormones"
"WP3549","Mitophagy"
"WP3550","Nonhomologous End-Joining"
"WP3551","ROS and RNS production in phagocytes"
"WP3552","tRNA processing in the nucleus"
"WP3553","Synthesis of wybutosine at G37 of tRNA(Phe)"
"WP3555","Metabolism of polyamines"
"WP3556","Branched-chain amino acid catabolism"
"WP3558","Beta-catenin independent WNT signaling"
"WP3560","Cargo concentration in the ER"
"WP3561","tRNA modification in the nucleus and cytosol"
"WP3562","Glyoxylate metabolism and glycine degradation"
"WP3565","DNA Damage/Telomere Stress Induced Senescence"
"WP3567","HDR through Homologous Recombination or Single Strand Annealing"
"WP3568","FasL/ CD95L signaling"
"WP3569","Fanconi Anemia Pathway"
"WP357","Fatty acid biosynthesis"
"WP3570","HDR through MMEJ (alt-NHEJ)"
"WP3571","Gene Silencing by RNA"
"WP3574","Sulfur amino acid metabolism"
"WP3575","Endosomal sorting complex required for transport"
"WP3577","Class I MHC mediated antigen processing and presentation"
"WP3578","trans-Golgi Network Vesicle Budding"
"WP3579","Surfactant metabolism"
"WP3580","Methionine de novo and salvage pathway"
"WP3584","MECP2 and associated Rett syndrome"
"WP3585","Cytosine methylation"
"WP3590","Demo"
"WP3591","Sleep regulation"
"WP3593","MicroRNA for targeting cancer growth and vascularization in glioblastoma"
"WP3594","Circadian rhythm genes"
"WP3595","mir-124 predicted interactions with cell cycle and differentiation "
"WP3596","miR-517 relationship with ARCN1 and USP1"
"WP3599","Transcription factor regulation in adipogenesis"
"WP3601","Lipid particles composition"
"WP3608","Olfactory receptor activity"
"WP3609","Olfactory bulb development and olfactory learning"
"WP3611","Photodynamic therapy-induced AP-1 survival signaling"
"WP3612","Photodynamic therapy-induced NFE2L2 (NRF2) survival signaling"
"WP3613","Photodynamic therapy-induced unfolded protein response"
"WP3614","Photodynamic therapy-induced HIF-1 survival signaling"
"WP3617","Photodynamic therapy-induced NF-kB survival signaling"
"WP3624","Lung fibrosis"
"WP3627","Gut-liver indole metabolism "
"WP363","Wnt signaling"
"WP3630","NAD metabolism, sirtuins and aging"
"WP3633","Caffeine and theobromine metabolism"
"WP3634","Insulin signaling in adipocytes (normal condition)"
"WP3635","Insulin signaling in adipocytes (diabetic condition)"
"WP364","IL6 signaling"
"WP3640","Imatinib and chronic myeloid leukemia"
"WP3644","NAD+ metabolism"
"WP3645","NAD+ biosynthetic pathways"
"WP3646","Hepatitis C and hepatocellular carcinoma"
"WP3651","Pathways affected in adenoid cystic carcinoma"
"WP3655","Hypothetical craniofacial development pathway"
"WP3656","Interleukin-1 induced activation of NF-kB"
"WP3657","Hematopoietic stem cell gene regulation by GABP alpha/beta complex"
"WP3658","Wnt/beta-catenin signaling in leukemia"
"WP366","TGF-beta signaling"
"WP3664","Regulation of Wnt / B-catenin signaling by small molecule compounds"
"WP3666","Metabolism of dichloroethylene by CYP450"
"WP3668","Hypothesized pathways in pathogenesis of cardiovascular disease"
"WP3670","Interactions between LOXL4 and oxidative stress pathway"
"WP3672","lncRNA-mediated mechanisms of therapeutic resistance"
"WP3674","Tgif disruption of Shh signaling"
"WP3676","BDNF-TrkB signaling"
"WP3678","Amplification and expansion of oncogenic pathways as metastatic traits"
"WP3679","Cell-type dependent selectivity of CCK2R signaling"
"WP368","Mitochondrial long chain fatty acid beta-oxidation"
"WP3680","Physico-chemical features and toxicity-associated pathways"
"WP3684","tRNA modification in the mitochondrion"
"WP3685","Vitamin D (calciferol) metabolism"
"WP3790","Wax and plasmalogen biosynthesis"
"WP3791","Selenoamino acid metabolism"
"WP3793","Lysosomal oligosaccharide catabolism"
"WP3794","SUMOylation of RNA binding proteins"
"WP3795","Striated Muscle Contraction"
"WP3797","Major pathway of rRNA processing in the nucleolus and cytosol"
"WP3798","Regulation of TP53 activity through association with cofactors"
"WP3799","SUMOylation of chromatin organization proteins"
"WP3800","Protein repair"
"WP3801","ERCC6 (CSB) and EHMT2 (G9a) positively regulate rRNA expression"
"WP3802","TP53 Regulates Transcription of Cell Death Genes"
"WP3803","Threonine catabolism"
"WP3804","TP53 regulates transcription of cell cycle genes"
"WP3805","SUMOylation of DNA replication proteins"
"WP3806","Metabolism of folate and pterines"
"WP3807","Regulation of TP53 Expression and Degradation"
"WP3808","TP53 Regulates Transcription of DNA Repair Genes"
"WP3809","tRNA processing in the mitochondrion"
"WP3810","Cardiac conduction"
"WP3811","Smooth Muscle Contraction"
"WP3812","SALM protein interactions at the synapse"
"WP3813","Activation of anterior HOX genes in hindbrain development during early embryogenesis"
"WP3814","Metallothioneins bind metals"
"WP3816","Regulation of TP53 Activity through Acetylation"
"WP3817","Interleukin-20 family signaling"
"WP3818","Signaling by MST1"
"WP3819","B-WICH complex positively regulates rRNA expression"
"WP382","MAPK signaling"
"WP3820","Interleukin-17 signaling"
"WP3822","Metabolism of vitamin K"
"WP3823","Regulation of TP53 Activity through Methylation"
"WP3824","SUMOylation of transcription factors"
"WP3827","RNA polymerase II transcribes snRNA genes"
"WP3828","rRNA modification in the nucleus and cytosol"
"WP3829","rRNA processing"
"WP383","Striated muscle contraction pathway"
"WP3838","Regulation of TP53 Activity through Phosphorylation"
"WP3839","Retinoid metabolism and transport"
"WP384","Apoptosis modulation by HSP70"
"WP3842","Intra-Golgi and retrograde Golgi-to-ER traffic"
"WP3844","PI3K-AKT-mTOR signaling and therapeutic opportunities in prostate cancer"
"WP3845","Canonical and non-canonical Notch signaling"
"WP3849","MAPK and NFkB signaling inhibited by Yersinia YopJ"
"WP3850","Factors and pathways affecting insulin-like growth factor (IGF1)-Akt signaling"
"WP3851","TLR4 signaling and tolerance"
"WP3853","ERK pathway in Huntington's disease"
"WP3858","Toll-like receptor signaling related to MyD88"
"WP3859","TGF-beta signaling in thyroid cells for epithelial-mesenchymal transition"
"WP3863","T-cell antigen receptor (TCR) pathway during Staphylococcus aureus infection"
"WP3865","Novel intracellular components of RIG-I-like receptor pathway"
"WP3869","Cannabinoid receptor signaling"
"WP3871","Valproic acid pathway"
"WP3872","Regulation of apoptosis by parathyroid hormone-related protein"
"WP3872","Apoptosis regulation by parathyroid hormone-related protein"
"WP3873","RIOK1 and RIOK2 in EGFR- and PI3K-mediated tumorigenesis"
"WP3874","Canonical and non-canonical TGF-B signaling"
"WP3875","ATR signaling"
"WP3876","BMP2-WNT4-FOXO1 pathway in primary endometrial stromal cell differentiation"
"WP3877","MYD88 distinct input-output pathway"
"WP3878","ATM signaling in development and disease "
"WP3879","4-hydroxytamoxifen, dexamethasone, and retinoic acids regulation of p27 expression"
"WP3888","VEGFA-VEGFR2 signaling"
"WP3890","Nanomaterial-induced inflammasome activation"
"WP3891","Benzene metabolism"
"WP3892","Development of pulmonary dendritic cells and macrophage subsets"
"WP3893","Development and heterogeneity of the ILC family"
"WP3896","Dengue-2 interactions with complement and coagulation cascades"
"WP391","Mitochondrial gene expression"
"WP3915","Angiopoietin-like protein 8 regulatory pathway"
"WP3924","Hfe effect on hepcidin production"
"WP3925","Amino acid metabolism"
"WP3926","ApoE and miR-146 in inflammation and atherosclerosis"
"WP3927","BMP signaling in eyelid development"
"WP3929","Chemokine signaling"
"WP3930","EDA signaling in hair follicle development"
"WP3931","Embryonic stem cell pluripotency pathways"
"WP3932","Focal adhesion: PI3K-Akt-mTOR-signaling"
"WP3933","Kennedy pathway from sphingolipids"
"WP3934","Leptin and adiponectin"
"WP3935","Leptin-insulin signaling overlap"
"WP3937","Microglia pathogen phagocytosis pathway"
"WP3938","miR-222 in exercise-induced cardiac growth"
"WP3941","Oxidative damage response"
"WP3942","PPAR signaling"
"WP3943","ROBO4 and VEGF signaling crosstalk"
"WP3944","Serotonin and anxiety-related events"
"WP3945","TYROBP causal network in microglia"
"WP3947","Serotonin and anxiety"
"WP395","IL4 signaling"
"WP3953","mRNA, protein, and metabolite inducation pathway by cyclosporin A"
"WP3958","GPR40 pathway"
"WP3959","DNA IR-double strand breaks and cellular response via ATM"
"WP3961","fig-met-1-last-solution"
"WP3963","Mevalonate pathway"
"WP3965","Lipid metabolism pathway"
"WP3967","miR-509-3p alteration of YAP1/ECM axis"
"WP3969","H19, Rb-E2F1, and CDK-beta-catenin in colorectal cancer"
"WP3971","OSX and miRNAs in tooth development"
"WP3972","PDGFR-beta pathway"
"WP3976","Melanogenesis"
"WP3981","miRNA regulation of prostate cancer signaling"
"WP3982","miRNA regulation of p53 pathway in prostate cancer"
"WP399","Wnt signaling and pluripotency"
"WP3995","Prion disease pathway"
"WP3996","Ethanol effects on histone modifications"
"WP3998","Prader-Willi and Angelman syndrome"
"WP4","Sandbox pathway test"
"WP400","p38 MAPK signaling"
"WP4008","NO/cGMP/PKG mediated neuroprotection"
"WP4016","DNA IR-damage and cellular response via ATR"
"WP4018","Clear cell renal cell carcinoma pathways"
"WP4022","Pyrimidine metabolism"
"WP4030","SCFA and skeletal muscle substrate metabolism"
"WP4034","Mitochondrial fatty acid beta-oxidation"
"WP4035","Intestinal absorption"
"WP4036","MTF1 activates gene expression"
"WP4037","Pyrophosphate hydrolysis"
"WP4038","Transcription from mitochondrial promoters"
"WP4039","Fructose metabolism"
"WP404","Nucleotide metabolism"
"WP4041","Other interleukin signaling"
"WP4042","Nucleobase catabolism"
"WP4043","Cellular hexose transport"
"WP4046","Receptor-type tyrosine-protein phosphatases"
"WP4047","PTEN Regulation"
"WP4049","Neutrophil degranulation"
"WP405","Eukaryotic transcription initiation"
"WP4050","Pentose phosphate pathway"
"WP4051","Lipid particle organization"
"WP4052","Interleukin-12 family signaling"
"WP4053","TBC/RABGAPs"
"WP4054","Synaptic adhesion-like molecules"
"WP4055","E3 ubiquitin ligases ubiquitinate target proteins"
"WP4058","HSP90 chaperone cycle for steroid hormone receptors (SHR)"
"WP4059","Interconversion of nucleotide di- and triphosphates"
"WP4061","Carnitine metabolism"
"WP4063","Interleukin-10 signaling"
"WP4064","Intracellular oxygen transport"
"WP4065","Clathrin-mediated endocytosis"
"WP4066","Interleukin-4 and Interleukin-13 signaling"
"WP4068","Formation of xylulose-5-phosphate"
"WP4069","Regulation of TLR by endogenous ligand"
"WP4070","RAB GEFs exchange GTP for GDP on RABs"
"WP4071","RAB geranylgeranylation"
"WP4072","Glycogen metabolism"
"WP4073","Protein methylation"
"WP4074","RNA Polymerase I Transcription"
"WP4075","Carboxyterminal post-translational modifications of tubulin"
"WP4079","RUNX1 and FOXP3 control the development of regulatory T lymphocytes (Tregs)"
"WP408","Oxidative stress response"
"WP4082","Nucleotide salvage"
"WP4083","Reelin signaling"
"WP4084","Nucleobase biosynthesis"
"WP4085","Phase I - Functionalization of compounds"
"WP4086","Transcriptional regulation by the AP-2 (TFAP2) family of transcription factors"
"WP4087","Keratinization"
"WP4088","Mitochondrial calcium ion transport"
"WP4090","Choline catabolism"
"WP4091","Butyrophilin (BTN) family interactions"
"WP4093","Glucose metabolism"
"WP4094","Collagen chain trimerization"
"WP4095","RET signaling"
"WP4096","Chromatin organization"
"WP4097","Nicotinate metabolism"
"WP4098","Ion channel transport"
"WP4099","rRNA modification in the mitochondrion"
"WP410","Exercise-induced circadian regulation"
"WP4100","Gene and protein expression by JAK-STAT signaling after Interleukin-12 stimulation"
"WP4101","Antimicrobial peptides"
"WP4102","Deubiquitination"
"WP4103","Intestinal infectious diseases"
"WP4104","Digestion"
"WP4105","Transcriptional regulation by RUNX1"
"WP4106","Cristae formation"
"WP4107","Transcriptional regulation by RUNX3"
"WP4108","Aryl hydrocarbon receptor signaling"
"WP4109","Regulation of mitotic cell cycle"
"WP411","mRNA processing"
"WP4110","Post-translational protein phosphorylation"
"WP4111","Phase II - Conjugation of compounds"
"WP4112","Vitamin E"
"WP4113","Ketone body metabolism"
"WP4114","Fatty acyl-CoA biosynthesis"
"WP4115","Deregulated CDK5 triggers multiple neurodegenerative pathways in Alzheimer's disease models"
"WP4116","Lactose synthesis"
"WP4117","Regulation of RUNX1 Expression and Activity"
"WP4119","Listeria monocytogenes entry into host cells"
"WP4120","Signaling by MET"
"WP4121","Neddylation"
"WP4122","Interleukin-6 family signaling"
"WP4124","Cilium Assembly"
"WP4125","Protein ubiquitination"
"WP4126","Galactose catabolism"
"WP4129","Plasma lipoprotein assembly, remodeling, and clearance"
"WP4131","Triglyceride metabolism"
"WP4132","RUNX1 regulates genes involved in megakaryocyte differentiation and platelet function"
"WP4133","Neurexins and neuroligins"
"WP4134","Processing of SMDT1"
"WP4135","RNA Polymerase III Transcription"
"WP4136","Fibrin complement receptor 3 signaling"
"WP4141","PI3K/AKT/mTOR - vitamin D3 signaling"
"WP4142","Metabolism of sphingolipids in ER and Golgi apparatus"
"WP4146","Macrophage markers"
"WP4147","PTF1A related regulatory pathway"
"WP4148","Splicing factor NOVA regulated synaptic proteins"
"WP4149","White fat cell differentiation"
"WP4150","Wnt signaling in kidney disease"
"WP4153","Degradation pathway of sphingolipids, including diseases"
"WP4155","Endometrial cancer"
"WP4156","Biosynthesis and regeneration of tetrahydrobiopterin and catabolism of phenylalanine"
"WP4157","GABA metabolism (aka GHB)"
"WP4159","GABA receptor signaling"
"WP4172","PI3K-Akt signaling"
"WP4174","Metabolism of tetrahydrocannabinol (THC)"
"WP4186","Somatroph axis (GH) and its relationship to dietary restriction and aging"
"WP4189","Mevalonate arm of cholesterol biosynthesis pathway with inhibitors"
"WP4190","Mevalonate arm of cholesterol biosynthesis pathway"
"WP4191","Caloric restriction and aging"
"WP4194","Hormonal control of pubertal growth spurt"
"WP4197","Immune response to tuberculosis"
"WP4204","Tumor suppressor activity of SMARCB1"
"WP4205","MET in type 1 papillary renal cell carcinoma"
"WP4206","Hereditary leiomyomatosis and renal cell carcinoma pathway"
"WP4210","Tryptophan catabolism leading to NAD+ production"
"WP4211","Transcriptional cascade regulating adipogenesis"
"WP4216","Chromosomal and microsatellite instability in colorectal cancer "
"WP4217","Ebola virus infection in host"
"WP422","MAPK cascade"
"WP4220","Neurotransmitter disorders"
"WP4222","Phosphodiesterases in neuronal function"
"WP4223","Ras signaling"
"WP4224","Purine metabolism and related disorders"
"WP4225","Pyrimidine metabolism and related diseases"
"WP4228","Vitamin B6-dependent and responsive disorders"
"WP4233","Acrylamide biotransformation and exposure biomarkers"
"WP4236","Krebs cycle disorders"
"WP4238","Flavan-3-ol metabolic pathway"
"WP4239","Epithelial to mesenchymal transition in colorectal cancer"
"WP4240","Regulation of sister chromatid separation at the metaphase-anaphase transition"
"WP4241","Type 2 papillary renal cell carcinoma"
"WP4249","Hedgehog signaling"
"WP4253","Trans-sulfuration pathway"
"WP4255","Non-small cell lung cancer"
"WP4258","lncRNA in canonical Wnt signaling and colorectal cancer"
"WP4259","Disorders of folate metabolism and transport"
"WP4262","Breast cancer pathway"
"WP4263","Pancreatic adenocarcinoma pathway"
"WP4269","Ethanol metabolism production of ROS by CYP2E1"
"WP4271","Vitamin B12 disorders"
"WP4279","CYP2E1 activation leading to neurodegeneration"
"WP428","Wnt signaling"
"WP4281","Cholesterol biosynthesis, regulation and transport"
"WP4284","Ultraconserved region 339 modulation of tumor suppressor microRNAs in cancer"
"WP4286","Genotoxicity pathway"
"WP4288","MTHFR deficiency"
"WP4290","Metabolic reprogramming in colon cancer"
"WP4292","Methionine metabolism leading to sulfur amino acids and related disorders"
"WP4297","Thiamine metabolic pathways"
"WP4298","Acute viral myocarditis"
"WP4299","Lamin A processing pathway"
"WP43","Oxidation by cytochrome P450"
"WP430","Statin inhibition of cholesterol production"
"WP4300","Extracellular vesicles in the crosstalk of cardiac cells"
"WP4301","Inhibition of exosome biogenesis and secretion by Manumycin A in CRPC cells"
"WP4304","Oligodendrocyte specification and differentiation, leading to myelin components for CNS"
"WP4312","Rett syndrome"
"WP4313","Ferroptosis"
"WP4315","Malate-aspartate shuttle"
"WP4316","miRNA degrading enzymes"
"WP4317","Mitochondrial fatty acid synthesis pathway"
"WP4318","Mitochondrial fission and fusion"
"WP4320","Effect of progerin on genes involved in progeria"
"WP4321","Thermogenesis"
"WP4324","Mitochondrial complex I assembly model OXPHOS system"
"WP4329","miRNA role in immune response in sepsis"
"WP4331","Neovascularization processes"
"WP4336","ncRNAs in Wnt signaling in hepatocellular carcinoma"
"WP4337","ncRNAs involved in STAT3 signaling in hepatocellular carcinoma"
"WP4341","Non-genomic actions of 1,25-dihydroxyvitamin D3"
"WP4342","Vitamins A and D - action mechanisms"
"WP4352","Ciliary landscape"
"WP4357","NRF2-ARE regulation"
"WP4361","Glycolysis and gluconeogenesis - for workshop"
"WP437","EGF/EGFR signaling"
"WP438","Non-homologous end joining"
"WP4389","Bile acid synthesis and enterohepatic circulation "
"WP4396","Nonalcoholic fatty liver disease"
"WP4397","Model for regulation of MSMP expression in cancer cells and its proangiogenic role in ovarian tumors"
"WP4399","MicroRNA network associated with chronic lymphocytic leukemia"
"WP4400","FABP4 in ovarian cancer"
"WP4404","Interleukin-15 signaling"
"WP4409","Interleukin-9 signaling"
"WP4413","Transcriptional regulation by E2F6"
"WP4414","Regulation of RUNX2 expression and activity"
"WP4415","Transcriptional regulation by RUNX2"
"WP4418","Class C/3 (metabotropic glutamate/pheromone receptors)"
"WP4419","Class A/1 (rhodopsin-like receptors)"
"WP4420","Class B/2 (secretin family receptors)"
"WP4421","Signaling by retinoic acid"
"WP4422","G alpha (z) signaling events"
"WP4423","G alpha (i) signaling events"
"WP4424","G alpha (q) signaling events"
"WP4426","G alpha (12/13) signaling events"
"WP4427","G alpha (s) signaling events"
"WP4428","G-protein beta:gamma signaling"
"WP4429","NGF processing"
"WP4430","COPII-mediated vesicle transport"
"WP4431","Integrin signaling"
"WP4432","ESR-mediated signaling"
"WP4433","TYSND1 cleaves peroxisomal proteins"
"WP4434","Synthesis of Lipoxins (LX)"
"WP4435","Serine biosynthesis"
"WP4436","Signaling by NTRK2 (TRKB)"
"WP4437","Signaling by PTK6"
"WP4438","Biosynthesis of DPA-derived SPMs"
"WP4439","Biosynthesis of DHA-derived SPMs"
"WP4440","Biosynthesis of EPA-derived SPMs"
"WP4441","COPI-mediated anterograde transport"
"WP4442","Peroxisomal protein import"
"WP4443","p75 NTR receptor-mediated signaling"
"WP4444","Biosynthesis of electrophilic omega-3 PUFA oxo-derivatives"
"WP4445","SUMOylation of transcription cofactors"
"WP4446","SUMOylation of DNA methylation proteins"
"WP4447","SUMOylation of intracellular receptors"
"WP4448","PI3K Cascade"
"WP4449","SUMOylation of immune response proteins"
"WP4450","SUMOylation of ubiquitinylation proteins"
"WP4451","SUMOylation of SUMOylation proteins"
"WP4452","Signaling by NTRK3 (TRKC)"
"WP4453","Transcriptional regulation by MECP2"
"WP4454","Acetylcholine binding and downstream events"
"WP4456","Activation of kainate receptors upon glutamate binding"
"WP4457","GABA receptor activation"
"WP4458","Signaling by Erythropoietin"
"WP4459","Glutamate binding, activation of AMPA receptors and synaptic plasticity"
"WP4460","OAS antiviral response"
"WP4461","DNA Replication Pre-Initiation"
"WP4462","Platelet-mediated interactions with vascular and circulating cells"
"WP4463","Steroidogenic pathway"
"WP4475","Twelve loci associated with ADHD"
"WP4478","LTF danger signal response pathway"
"WP4479","Suppression of HMGB1-mediated inflammation by THBD"
"WP4480","Altered glycosylation of MUC1 in tumor microenvironment"
"WP4481","Resistin as a regulator of inflammation"
"WP4482","Vitamin D in inflammatory diseases"
"WP4483","Relationship between inflammation, COX-2 and EGFR"
"WP4484","Control of immune tolerance by vasoactive intestinal peptide"
"WP4493","Cells and molecules involved in local acute inflammatory response "
"WP4494","Selective expression of chemokine receptors during T-cell polarization"
"WP4495","IL10 anti-inflammatory signaling"
"WP4496","Signal transduction through IL1R"
"WP45","G1 to S cell cycle control"
"WP4504","Cysteine and methionine catabolism"
"WP4506","Tyrosine metabolism and related disorders"
"WP4507","Molybdenum cofactor (Moco) biosynthesis"
"WP4518","Gamma-glutamyl cycle for the biosynthesis and degradation of glutathione, including diseases"
"WP4519","Cerebral organic acidurias, including diseases"
"WP4521","Glycosylation and related congenital defects"
"WP4522","Metabolic pathway of LDL, HDL and TG, including diseases"
"WP4523","Classical pathway of steroidogenesis with glucocorticoid and mineralocorticoid metabolism"
"WP4524","Alternative pathway of fetal androgen synthesis"
"WP453","Inflammatory response pathway"
"WP4532","Intraflagellar transport proteins binding to dynein"
"WP4533","Transcription co-factors SKI and SKIL protein partners"
"WP4534","Mechanoregulation and pathology of YAP/TAZ via Hippo and non-Hippo mechanisms"
"WP4535","Envelope proteins and their potential roles in EDMD physiopathology"
"WP4536","Genes related to primary cilium development (based on CRISPR)"
"WP4537","Hippo-YAP signaling"
"WP4538","Regulatory circuits of STAT3 signaling"
"WP4539","Synaptic signaling associated with autism spectrum disorder"
"WP4540","Hippo signaling regulation"
"WP4541","Hippo-Merlin signaling dysregulation"
"WP4542","Leukocyte-intrinsic Hippo pathway functions"
"WP4545","Oxysterols derived from cholesterol"
"WP4549","Fragile X syndrome"
"WP455","GPCRs, class A rhodopsin-like"
"WP4553","FBXL10 enhancement of MAP/ERK signaling in diffuse large B-cell lymphoma"
"WP4558","Interferon-mediated signaling"
"WP4559","Interactions between immune cells and microRNAs in tumor microenvironment"
"WP4560","MFAP5 effect on permeability and motility of endothelial cells via cytoskeleton rearrangement"
"WP4562","Canonical NF-kB pathway"
"WP4564","Neural crest cell migration during development"
"WP4565","Neural crest cell migration in cancer"
"WP4566","Translation inhibitors in chronically activated PDGFRA cells"
"WP4571","Urea cycle and related diseases"
"WP4577","Neurodegeneration with brain iron accumulation (NBIA) subtypes pathway"
"WP4582","Cancer immunotherapy by CTLA4 blockade"
"WP4583","Biomarkers for urea cycle disorders"
"WP4584","Biomarkers for pyrimidine metabolism disorders"
"WP4585","Cancer immunotherapy by PD-1 blockade"
"WP4586","Metabolism of alpha-linolenic acid"
"WP4589","Major receptors targeted by epinephrine and norepinephrine"
"WP4595","Urea cycle and associated pathways"
"WP4628","Aerobic glycolysis - augmented"
"WP4630","Measles virus infection"
"WP465","Tryptophan metabolism"
"WP4655","Cytosolic DNA-sensing pathway"
"WP4656","Joubert syndrome"
"WP4657","22q11.2 copy number variation syndrome"
"WP4658","Small cell lung cancer"
"WP4659","Gastrin signaling"
"WP466","DNA replication"
"WP4661","Amino acid metabolism pathway excerpt: histidine catabolism extension"
"WP4666","Hepatitis B infection"
"WP4673","Male infertility"
"WP4674","Head and neck squamous cell carcinoma"
"WP4685","Melanoma"
"WP4686","Leucine, isoleucine and valine metabolism"
"WP4688","Serine metabolism"
"WP4698","Vitamin D-sensitive calcium signaling in depression"
"WP47","Hedgehog signaling"
"WP4705","Pathways of nucleic acid metabolism and innate immune sensing"
"WP4707","Aspirin and miRNAs"
"WP4718","Cholesterol metabolism with Bloch and Kandutsch-Russell pathways"
"WP4719","Eicosanoid metabolism via cyclooxygenases (COX)"
"WP4720","Eicosanoid metabolism via cytochrome P450 monooxygenases pathway"
"WP4721","Eicosanoid metabolism via lipooxygenases (LOX)"
"WP4722","Glycerolipids and glycerophospholipids"
"WP4723","Omega-3 / omega-6 fatty acid synthesis"
"WP4724","Omega-9 fatty acid synthesis"
"WP4725","Sphingolipid metabolism overview"
"WP4726","Sphingolipid metabolism: integrated pathway"
"WP474","Endochondral ossification"
"WP4742","Ketogenesis and ketolysis"
"WP4746","Thyroid hormones production and peripheral downstream signaling effects"
"WP4747","Netrin-UNC5B signaling"
"WP4751","HIPK2 in kidney fibrosis"
"WP4752","Base excision repair"
"WP4753","Nucleotide excision repair"
"WP4754","IL18 signaling"
"WP4755","PodNet: protein-protein interactions in the podocyte"
"WP4756","Renin-angiotensin-aldosterone system (RAAS)"
"WP4758","Nephrotic syndrome"
"WP4760","PKC-gamma calcium signaling in ataxia"
"WP4767","FGFR3 signaling in chondrocyte proliferation and terminal differentiation"
"WP477","Cytoplasmic ribosomal proteins"
"WP4784","Proteoglycan biosynthesis"
"WP4785","Somitogenesis in the context of spondylocostal dysostosis"
"WP4786","Type I collagen synthesis in the context of osteogenesis imperfecta"
"WP4787","Osteoblast differentiation and related diseases"
"WP4788","Autosomal recessive osteopetrosis pathways"
"WP4789","Multiple epiphyseal dysplasia and pseudoachondroplasia genes"
"WP4790","FGF23 signaling in hypophosphatemic rickets and related disorders"
"WP4792","Purine metabolism"
"WP4799","Downregulation of ACE2 by SARS-CoV-2 spike protein"
"WP4803","Ciliopathies"
"WP4804","Cholesterol biosynthesis with skeletal dysplasias"
"WP4806","EGFR tyrosine kinase inhibitor resistance"
"WP4808","Endochondral ossification with skeletal dysplasias"
"WP481","Insulin signaling"
"WP4814","Somatic sex determination"
"WP4815","Glycosaminoglycan degradation"
"WP4816","TGF-beta receptor signaling in skeletal dysplasias"
"WP4818","Conversion of angiotensinogen to angiotensin II "
"WP4823","Genes controlling nephrogenesis"
"WP4829","mBDNF and proBDNF regulation of GABA neurotransmission"
"WP4830","GDNF/RET signaling axis"
"WP4838","Regucalcin in proximal tubule epithelial kidney cells"
"WP4842","Mammalian disorder of sexual development"
"WP4844","Influence of laminopathies on Wnt signaling"
"WP4846","SARS-CoV-2 and COVID-19 pathway"
"WP4847","AXL signaling"
"WP4853","Linoleic acid metabolism affected by SARS-CoV-2"
"WP4856","Intracellular trafficking proteins involved in CMT neuropathy"
"WP4857","Endothelin pathway"
"WP4860","Hijack of ubiquitination by SARS-CoV-2"
"WP4861","Endoplasmic reticulum stress response in coronavirus infection"
"WP4863","Host-pathogen interaction of human coronaviruses - autophagy"
"WP4864","Host-pathogen interaction of human coronaviruses - apoptosis"
"WP4868","Type I interferon induction and signaling during SARS-CoV-2 infection"
"WP4871","Kisspeptin/kisspeptin receptor system in the ovary"
"WP4872","MAP3K1 role in promoting and blocking gonadal determination"
"WP4873","Peroxiredoxin 2 induced ovarian failure"
"WP4874","CAMKK2 pathway"
"WP4875","Disruption of postsynaptic signaling by CNV"
"WP4876","Activation of NLRP3 inflammasome by SARS-CoV-2"
"WP4877","Host-pathogen interaction of human coronaviruses - MAPK signaling"
"WP4879","Overlap between signal transduction pathways contributing to LMNA laminopathies"
"WP4880","Host-pathogen interaction of human coronaviruses - interferon induction"
"WP4883","SARS-CoV-2 and ACE2 receptor: molecular mechanisms"
"WP4884","Pathogenesis of SARS-CoV-2 mediated by nsp9-nsp10 complex"
"WP4891","COVID-19 adverse outcome pathway"
"WP49","IL2 signaling"
"WP4900","Purinergic signaling"
"WP4904","LDLRAD4 and what we know about it"
"WP4905","1q21.1 copy number variation syndrome"
"WP4906","3q29 copy number variation syndrome"
"WP4912","SARS coronavirus and innate immunity"
"WP4917","Proximal tubule transport"
"WP4918","Cellular proteostasis"
"WP4919","Neuroinflammation"
"WP4920","Mitochondrial complex II assembly"
"WP4921","Mitochondrial complex III assembly"
"WP4922","Mitochondrial complex IV assembly"
"WP4923","Autophagy"
"WP4925","Unfolded protein response"
"WP4927","COVID-19, thrombosis and anticoagulation"
"WP4928","MAPK pathway in congenital thyroid cancer"
"WP4931","Direct reversal repair"
"WP4932","7q11.23 copy number variation syndrome"
"WP4933","RNA pol II transcription - Initiation and elongation"
"WP4936","Perturbations to host-cell autophagy, induced by SARS-CoV-2 proteins"
"WP4940","15q11.2 copy number variation syndrome"
"WP4941","GPR143 in melanocytes and retinal pigment epithelium cells"
"WP4942","15q13.3 copy number variation syndrome"
"WP4946","DNA repair pathways, full network"
"WP4947","Nitric oxide metabolism in cystic fibrosis"
"WP4948","ACE inhibitor pathway - for workshop"
"WP4949","16p11.2 proximal deletion syndrome"
"WP4950","16p11.2 distal deletion syndrome"
"WP496","Steroid biosynthesis"
"WP4961","STING pathway in Kawasaki-like disease and COVID-19"
"WP4962","Airway smooth muscle cell contraction"
"WP4963","p53 transcriptional gene network"
"WP4966","Fluoroacetic acid toxicity"
"WP4969","RAS and bradykinin pathways in COVID-19"
"WP497","Urea cycle and metabolism of amino groups"
"WP4970","Galanin receptor pathway"
"WP4971","Phosphoinositides metabolism"
"WP4972","Chaperone-mediated autophagy"
"WP4973","Urea cycle"
"WP4974","Alpha-protein kinase 1 signaling"
"WP4975","Response of EIF2AK4 (GCN2) to amino acid deficiency"
"WP4976","Late endosomal microautophagy"
"WP4977","Extra-nuclear estrogen signaling"
"WP4978","Response of EIF2AK1 (HRI) to heme deficiency"
"WP4979","Aspartate and asparagine metabolism"
"WP4980","Alanine metabolism"
"WP4981","Phenylalanine and tyrosine metabolism"
"WP4982","NGF-stimulated transcription"
"WP4983","STAT5 Activation"
"WP4984","FOXO-mediated transcription of cell death genes"
"WP4985","Lipophagy"
"WP4986","Aggrephagy"
"WP4987","Class I peroxisomal membrane protein import"
"WP4988","Histidine catabolism"
"WP4989","FOXO-mediated transcription of cell cycle genes"
"WP4990","Metabolism of cofactors"
"WP4991","Events associated with phagocytolytic activity of PMN cells"
"WP4992","Glutamate and glutamine metabolism"
"WP4993","Anti-inflammatory response favouring Leishmania parasite infection"
"WP4994","Tryptophan catabolism"
"WP4995","Transcriptional regulation by VENTX"
"WP4996","Carnitine synthesis"
"WP4997","Blood group systems biosynthesis"
"WP4998","Cell recruitment (pro-inflammatory response)"
"WP4999","FOXO-mediated transcription of oxidative stress, metabolic and neuronal genes"
"WP500","Glycogen synthesis and degradation"
"WP5000","FCGR3A-mediated phagocytosis"
"WP5001","Transcriptional regulation of granulopoiesis"
"WP5002","Creatine metabolism"
"WP5003","Latent infection - Other responses of Mycobacterium tuberculosis to phagocytosis"
"WP5004","Lysine catabolism"
"WP5005","WNT5:FZD7-mediated leishmania damping"
"WP5006","Pexophagy"
"WP5007","Assembly and cell surface presentation of NMDA receptors"
"WP5008","FOXO-mediated transcription"
"WP5009","Proline catabolism"
"WP501","GPCRs, class C metabotropic glutamate, pheromone"
"WP5010","SUMO E3 ligases SUMOylate target proteins"
"WP5011","EGR2 and SOX10-mediated initiation of Schwann cell myelination"
"WP5012","NR1H2 and NR1H3-mediated signaling"
"WP5013","Insertion of tail-anchored proteins into the endoplasmic reticulum membrane"
"WP5014","Human cytomegalovirus infection"
"WP5015","Amino acids regulate mTORC1"
"WP5016","FLT3 signaling"
"WP5020","SARS-CoV-1 Infection"
"WP5021","SARS-CoV-2 Infection"
"WP5022","RIPK1-mediated regulated necrosis"
"WP5026","Proline and hydroxyproline pathways"
"WP5027","nsp1 from SARS-CoV-2 inhibits translation initiation in the host cell"
"WP5028","Glycine metabolism, including IMDs"
"WP5029","Amino acid transport defects (IEMs)"
"WP5030","Ethylmalonic encephalopathy"
"WP5031","Biotin metabolism, including IMDs"
"WP5033","Genes associated with the development of rheumatoid arthritis"
"WP5036","Angiotensin II receptor type 1 pathway"
"WP5037","Riboflavin and CoQ disorders"
"WP5038","Mitochondrial immune response to SARS-CoV-2"
"WP5039","SARS-CoV-2 innate immunity evasion and cell-specific immune response"
"WP5043","Pentose phosphate pathway in senescent cells"
"WP5044","Kynurenine pathway and links to cell senescence"
"WP5046","NAD metabolism in oncogene-induced senescence and mitochondrial dysfunction-associated senescence"
"WP5047","RHOBTB GTPase Cycle"
"WP5048","Transcriptional regulation of testis differentiation"
"WP5049","Glycolysis in senescence"
"WP5050","TCA cycle in senescence"
"WP5052","Nephrogenesis"
"WP5053","Development of ureteric derived collecting system"
"WP5055","Burn wound healing"
"WP5061","Fatty acid transporters"
"WP5063","FOXP3 in COVID-19"
"WP5064","7-oxo-C and 7-beta-HC pathways"
"WP5065","SARS-CoV-2 altering angiogenesis via NRP1"
"WP5066","FOXA2 pathway"
"WP5071","PPAR-gamma pathway"
"WP5072","Modulators of TCR signaling and T cell activation"
"WP5073","PPAR Beta/Delta pathway"
"WP5074","Kallmann syndrome"
"WP5076","Soluble ACE2-mediated cell entry of SARS-CoV-2"
"WP5078","T cell modulation in pancreatic cancer"
"WP5078","T cell modulation and desmoplasia in pancreatic cancer"
"WP5083","Neuroinflammation and glutamatergic signaling"
"WP5085","Vasopressin-regulated water reabsorption"
"WP5087","Pleural mesothelioma"
"WP5088","Prostaglandin signaling"
"WP5089","Kinin-Kallikrein pathway"
"WP5090","Complement system in neuronal development and plasticity"
"WP5092","Interactions of natural killer cells in pancreatic cancer"
"WP5093","Opioid receptor pathways"
"WP5094","Orexin receptor pathway"
"WP5095","Overview of proinflammatory and profibrotic mediators"
"WP5096","Homologous recombination"
"WP5097","CCL18 signaling"
"WP5098","T-cell activation SARS-CoV-2"
"WP51","Regulation of actin cytoskeleton"
"WP5100","Elabela signaling"
"WP5101","Congenital generalized lipodystrophy"
"WP5102","Familial partial lipodystrophy"
"WP5103","Progeria-associated lipodystrophy"
"WP5104","Acquired partial lipodystrophy / Barraquer-Simons syndrome"
"WP5108","Familial  hyperlipidemia type 1"
"WP5109","Familial hyperlipidemia type 2"
"WP5110","Familial hyperlipidemia type 3"
"WP5111","Familial hyperlipidemia type 4"
"WP5112","Familial hyperlipidemia type 5"
"WP5113","Antiviral and anti-inflammatory effects of Nrf2 on SARS-CoV-2 pathway"
"WP5114","Nucleotide excision repair in xeroderma pigmentosum "
"WP5115","Network map of SARS-CoV-2 signaling"
"WP5116","SARS-CoV-2 B.1.1.7 variant antagonises innate immune activation"
"WP5117","Cohesin complex - Cornelia de Lange syndrome"
"WP5118","SMC1/SMC3 role in DNA damage - Cornelia de Lange Syndrome"
"WP5119","NIPBL role in DNA damage - Cornelia de Lange syndrome"
"WP5120","Inclusion body myositis"
"WP5121","Sphingolipid metabolism in senescence"
"WP5122","Prostaglandin and leukotriene metabolism in senescence "
"WP5123","Mitochondrial fatty acid oxidation disorders"
"WP5124","Alzheimer's disease"
"WP5130","Th17 cell differentiation pathway"
"WP5132","Modular map of bradykinin signaling network"
"WP5133","Non-classical role of vitamin D"
"WP5136","ALA oxylipin metabolism"
"WP5137","Linoleic acid oxylipin metabolism"
"WP5141","EPA oxylipin metabolism"
"WP5142","Calcium mediated T-cell apoptosis involved in inclusion body myositis"
"WP5143","GDNF signaling"
"WP5144","NRP1-triggered signaling in pancreatic cancer "
"WP5145","COVID-19 structural coverage map"
"WP5146","Lung pathology of COVID-19"
"WP5147","Dihomo-gamma-linolenic acid (DGLA) oxylipin metabolism"
"WP5148","Complement-mediated inflammation of pulmonary alveolus in COVID-19 (hypothetical pathway)"
"WP5149","Lipid metabolism in senescent cells"
"WP5150","Spina bifida"
"WP5151","Sialylation "
"WP5152","Iron-sulfur cluster biogenesis"
"WP5153","N-glycan biosynthesis"
"WP5154","Docosahexaenoic acid oxylipin metabolism"
"WP5155","Arachidonic acid (AA, ARA) oxylipin metabolism"
"WP5156","SARS-CoV-2 replication organelle formation"
"WP5158","Urotensin-II-mediated signaling"
"WP516","Hypertrophy model"
"WP516","Exercise and hypertrophy in skeletal muscle"
"WP5166","Glyoxylate metabolism"
"WP5169","Hemesynthesis defects and porphyrias"
"WP5171","Leukotriene metabolic pathway"
"WP5172","Iron metabolism disorders"
"WP5173","Disorders of galactose metabolism "
"WP5174","Ulcerative colitis signaling"
"WP5175","Disorders in ketone body synthesis"
"WP5176","Disorders of bile acid synthesis and biliary transport"
"WP5178","Disorders of fructose metabolism"
"WP5179","Biosynthesis and turnover of 1-deoxy-sphingoid bases"
"WP5180","DYRK1A involvement regarding cell proliferation in brain development"
"WP5181","Roles of ceramides in development of insulin resistance"
"WP5182","Pro-survival signaling of neuroprotectin D1"
"WP5183","SARS-CoV-2 mitochondrial chronic oxidative stress and endothelial dysfunction"
"WP5186","Vitamin K metabolism and activation of dependent proteins"
"WP5187","mRNA vaccine activation of dendritic cell and induction of IFN-1"
"WP5188","Retinol metabolism"
"WP5189","Copper metabolism"
"WP5190","Creatine pathway"
"WP5191","Resolvin E1 and resolvin D1 signaling decrease inflammation"
"WP5192","Modulation of PI3K-Akt-mTOR signaling by bioactive sphingolipids"
"WP5193","Cholesterol synthesis disorders"
"WP5194","Synthesis of ceramides and 1-deoxyceramides"
"WP5195","Disorders in ketolysis"
"WP5198","Inflammatory bowel disease signaling"
"WP5199","PtdIns(4,5)P2 in cytokinesis pathway"
"WP5200","Dravet syndrome"
"WP5202","Alstrom syndrome"
"WP5205","Clock-controlled autophagy in bone metabolism"
"WP521","Amino acid conjugation of benzoic acid"
"WP5211","Glucose metabolism in triple-negative breast cancer cells"
"WP5213","Amino acid metabolism in triple-negative breast cancer cells"
"WP5215","Relevant molecular pathways and targeted agents in triple negative breast cancer"
"WP5215","Targeted agents in triple negative breast cancer"
"WP5216","Warburg effect modulated by deubiquitinating enzymes and their substrates"
"WP5218","Extrafollicular and follicular B cell activation by SARS-CoV-2"
"WP5219","Diet-dependent trimethylamine/trimethylamine N-oxide metabolism "
"WP5220","Metabolic reprogramming in pancreatic cancer"
"WP5221","2q11.2 copy number variation syndrome"
"WP5222","2q13 copy number variation syndrome"
"WP5223","2q21.1 copy number variation syndrome"
"WP5224","2q37 copy number variation syndrome"
"WP5229","Nephrotoxcicity adverse outcome pathway"
"WP5231","Hippocampal synaptogenesis and neurogenesis"
"WP5233","Arsenic metabolism and reactive oxygen species generation"
"WP5234","Bardet-Biedl syndrome"
"WP5235","Estradiol regulation in porto-sinusoidal vascular disease"
"WP5236","Markers of kidney cell lineage"
"WP5238","Cholestasis"
"WP5239","Lac-Phe pathway"
"WP524","G13 signaling"
"WP5241","Mitochondrial beta-oxidation"
"WP5255","SARS-CoV-2 envelope lipid composition and human cell binding"
"WP5256","COVID-19 and endothelial cell senescence"
"WP5257","Cytokine storm syndrome"
"WP5258","ROS in COVID-19 endothelial dysfunction"
"WP5260","Physiopathology of endothelial dysfunction in COVID-19"
"WP5262","Physiopathology of endothelial dysfunction in coronavirus disease"
"WP5264","Purinergic signaling elements and coagulation in COVID-19"
"WP5265","Neurogenesis regulation in the olfactory epithelium"
"WP5269","Genetic causes of porto-sinusoidal vascular disease"
"WP5272","LDL- influence on CD14 and TLR4"
"WP5273","Effect of intestinal microbiome on anticoagulant response of vitamin K antagonists"
"WP5275","Ether lipid biosynthesis"
"WP5276","Estrogen metabolism"
"WP5277","Steroid hormone precursor biosynthesis"
"WP5279","Mineralocorticoid biosynthesis"
"WP528","Acetylcholine synthesis"
"WP5280","Glucocorticoid biosynthesis"
"WP5283","Chronic hyperglycemia impairment of neuron function"
"WP5284","Cell interactions of the pancreatic cancer microenvironment"
"WP5284","Cell interactions in pancreatic cancer microenvironment"
"WP5285","Immune infiltration in pancreatic cancer"
"WP5287","17q12 copy number variation syndrome"
"WP5288","DDR1-mediated signaling"
"WP5289","Axon guidance"
"WP5292","Glycosphingolipid metabolism"
"WP5293","Acute myeloid leukemia"
"WP5294","Sildenafil treatment"
"WP5299","Ganglio series sphingolipid metabolism"
"WP53","ID signaling"
"WP530","Cytokines and inflammatory response"
"WP5300","TROP2 regulatory signaling"
"WP5302","Neolacto series sphingolipid metabolism"
"WP5303","Lacto series sphingolipid metabolism"
"WP5304","Cholesterol metabolism"
"WP531","DNA mismatch repair"
"WP5311","Isoglobo series sphingolipids"
"WP5312","Metabolic pathways of fibroblasts"
"WP5313","Carnosine metabolism of glial cells"
"WP5314","Lactate shuttle in glial cells"
"WP5315","Sebaleic acid formation and metabolism"
"WP5318","Female steroid hormones in cardiomyocyte energy metabolism"
"WP5320","Male steroid hormones in cardiomyocyte energy metabolism"
"WP5321","Prostaglandin and leukotriene metabolism in senescence "
"WP5323","Fatty acid and lipoprotein transport in hepatocytes"
"WP5323","Fatty acids and lipoproteins transport in hepatocytes"
"WP5324","Octadecanoid formation from linoleic acid"
"WP5329","Cholesterol biosynthesis pathway in hepatocytes"
"WP5331","Autophagy in pancreatic ductal adenocarcinoma"
"WP5333","Enterocyte cholesterol metabolism"
"WP5336","Induction of autophagy and toll-like receptor signaling by graphene oxide "
"WP534","Glycolysis and gluconeogenesis"
"WP5342","Pathophysiological roles of DUX4 in FSHD1"
"WP5344","Cardiomyocyte signaling converging on titin"
"WP5345","1p36 copy number variation syndrome"
"WP5346","8p23.1 copy number variation syndrome"
"WP5347","IL26 signaling"
"WP5348","11p11.2 copy number variation syndrome "
"WP5351","Kleefstra syndrome"
"WP5352","10q11.21q11.23 copy number variation syndrome"
"WP5353","Macrophage-stimulating protein (MSP) signaling"
"WP5355","Metabolic epileptic disorders"
"WP5356","Affected pathways in Duchenne muscular dystrophy"
"WP5358","JAK-STAT signaling in the regulation of beta cells"
"WP536","Calcium regulation in cardiac cells"
"WP5360","KCNQ2-related epilepsies"
"WP5362","TAR syndrome"
"WP5365","4p16.3 copy number variation"
"WP5366","NF1 copy number variation syndrome "
"WP5367","Rubinstein-Taybi syndrome 1"
"WP5368","Sulfatase and aromatase pathway"
"WP5372","Involvement of &delta;-secretase in neurodegenerative diseases"
"WP5373","Osteoarthritic chondrocyte hypertrophy"
"WP5376","17p13.3 (YWHAE) copy number variation"
"WP5380","5q35 copy number variation"
"WP5381","Smith-Magenis and Potocki-Lupski syndrome copy number variation"
"WP5382","TGFB / Smad signaling"
"WP5385","Growth factors and hormones in beta cell proliferation"
"WP5390","Pancreatic cancer subtypes"
"WP5393","Androgen biosynthesis"
"WP5394","UDP-derived sugars synthesis in fibroblasts"
"WP5395","Glycosaminoglycan synthesis in fibroblasts"
"WP5396","Enterohepatic circulation of bile acids"
"WP5397","Vitamin A1 and A5/X pathways"
"WP5398","NRXN1 deletion syndrome"
"WP5399","NPHP1 deletion syndrome"
"WP5400","6q16 copy number variation"
"WP5401","7q11.23 distal copy number variation"
"WP5402","10q22q23 copy number variation"
"WP5405","13q12 or CRYL1 copy number variation "
"WP5406","13q12.12 copy number variation"
"WP5407","15q11q13 copy number variation"
"WP5408","15q25 copy number variation"
"WP5409","PAFAH1B1 copy number variation"
"WP5410","15q24 copy number variation"
"WP5411","Phosphatidyl inositol phosphate pathway"
"WP5412","8q11.23 (RB1CC1) copy number variation"
"WP5414","IDO metabolic pathway"
"WP5417","Cell lineage map for neuronal differentiation"
"WP5420","ADHD and autism (ASD) pathways"
"WP5422","IL19 signaling"
"WP5424","Omega-6-fatty acids in senescence"
"WP5426","HDAC6 interactions in the central nervous system"
"WP5428","FGFR4 p.G388R signaling"
"WP5431","FLT3 p.Gln640SerfsTer8 signaling"
"WP5432","Omega-3-fatty acids in senescence"
"WP5433","PGK1, PKM2, KHKC/KHKA acting as protein kinases"
"WP5434","Cancer pathways"
"WP5437","GNAQ pathways in port-wine stain"
"WP5440","EPAC1 and PKA reduction of retinal inflammation"
"WP5441","Artemisinin inhibition of uveal melanoma"
"WP5442","Wnt/Beta-catenin signaling inhibitors in current and past clinical trials"
"WP5443","Effects of MFN2 mutation"
"WP5444","Acetaminophen in analgesia and antipyresis"
"WP5445","Hunger and satiety"
"WP5446","GLP-1 secretion from intestine to portal vein"
"WP5447","GLP-1 in pancreatic islet cells"
"WP545","Complement activation"
"WP5452","GLP-1 from intestine and pancreas and role in glucose homeostasis"
"WP5461","Primary ovarian insufficiency"
"WP5465","Fanconi anemia"
"WP5468","Pro-inflammatory cytokines"
"WP5469","Hallmark of cancer: metastasis and epithelial-to-mesenchymal transition"
"WP5470","Effect of omega-3 PUFA on Huntington's disease pathways"
"WP5472","Phosphoinositide 3-kinase (PI3K) family"
"WP5473","Cytokine-cytokine receptor interaction"
"WP5474","Catabolism of skeletal muscle in cachexia"
"WP5475","Hallmark of cancer: sustaining proliferative signaling"
"WP5477","Molecular pathway for oxidative stress"
"WP5477","Molecular pathway for oxidative stress 1.0"
"WP5483","Hallmark of cancer: non-mutational epigenetic reprogramming"
"WP5485","Post-COVID neuroinflammation"
"WP5486","Rotenone metabolism"
"WP5487","TRAF2 and UHRF1 transcriptional reactivation of latent HIV-1 promoter"
"WP5488","Pathways into methionine and folate cycles"
"WP5488","Cobalamin B12, folate B riboflavin B2 pathway into methionine cycle and folate cycle"
"WP5489","Regulation of cytotoxic T cell responses by Malat1 - miR-15/16 circuit "
"WP5490","Inhibition of G&alpha;q-regulated signaling in uveal melanoma"
"WP5490","Inhibition of GNAQ-regulated signaling in uveal melanoma"
"WP5491","Transcriptional regulation of memory B cell differentiation"
"WP5492","AMPK regulation of mammary milk protein synthesis"
"WP5493","Effect of dasatinib on the BCR-ABL signaling pathway"
"WP5494","Tyrosine kinase inhibitors in glioblastoma"
"WP5495","Targeting YAP in pancreatic ductal adenocarcinoma (PDAC)"
"WP5496","Targeted therapy in breast cancer"
"WP5497","Cyclin-dependent kinase 4/6 inhibitors in breast cancer"
"WP5498","Cholesterol pathway"
"WP5499","Effect of papillary renal-cell carcinoma on glycolysis and krebs cycle pathways"
"WP550","Biogenic amine synthesis"
"WP5500","Bempedoic acid therapy in atherosclerosis and metabolic syndrome"
"WP5501","GNAQ p.R183Q drives capillary malformation"
"WP5502","16p13.11 copy number variation syndrome "
"WP5503","Albuterol and budesonide therapy for asthma"
"WP5504","Disorders of Mitochondrial Homeostatis, Dynamics, Protein Import, and Quality Control"
"WP5505","Glycosylphosphatidyl inositol anchor pathway"
"WP5506","Disorders of NAD metabolism"
"WP5507","Mitochondrial carrier deficiency associated with shuttle disturbances"
"WP5510","16p12.2 copy number variation syndrome (520kb)"
"WP5512","Vedolizumab therapy for inflammatory bowel disease"
"WP5516","IL23 inhibitors in inflammatory bowel disease"
"WP5520","HINT1 Pathway"
"WP5522","HINT1 Pathway"
"WP5523","HINT1 Pathway"
"WP5524","HSPB3"
"WP5526","Age-related macular degeneration"
"WP5528","JAK/STAT signaling and ARTD family members"
"WP5529","Wnt/Beta-catenin signaling and ARTD family members"
"WP5530","MAPK signaling and ARTD family members"
"WP5531","AKT signaling and ARTD family members"
"WP554","ACE inhibitor pathway"
"WP558","Complement and coagulation cascades"
"WP560","TGF-beta receptor signaling"
"WP561","Heme biosynthesis"
"WP58","Monoamine GPCRs"
"WP581","EPO receptor signaling"
"WP585","Interferon type I signaling"
"WP61","Notch signaling"
"WP615","Senescence and autophagy in cancer"
"WP619","Type II interferon signaling"
"WP623","Oxidative phosphorylation"
"WP661","Glucose homeostasis"
"WP673","ErbB signaling"
"WP678","Arachidonate epoxygenase / epoxide hydrolase"
"WP688","Catalytic cycle of mammalian flavin-containing monooxygenases (FMOs)"
"WP69","T-cell receptor signaling"
"WP690","Polyol pathway"
"WP691","Tamoxifen metabolism"
"WP692","Sulfation biotransformation reaction"
"WP694","Arylamine metabolism"
"WP696","Benzo(a)pyrene metabolism"
"WP697","Estrogen metabolism"
"WP698","Glucuronidation"
"WP699","Aflatoxin B1 metabolism"
"WP702","Metapathway biotransformation Phase I and II"
"WP704","Methylation pathways"
"WP706","Sudden infant death syndrome (SIDS) susceptibility pathways"
"WP707","DNA damage response"
"WP710","DNA damage response (only ATM dependent)"
"WP712","Estrogen signaling"
"WP716","Vitamin A and carotenoid metabolism"
"WP722","Serotonin HTR1 group and FOS pathway"
"WP727","Monoamine transport"
"WP732","Serotonin receptor 2 and ELK-SRF/GATA4 signaling"
"WP734","Serotonin receptor 4/6/7 and NR3C signaling"
"WP75","Toll-like receptor signaling"
"WP78","TCA cycle (aka Krebs or citric acid cycle)"
"WP80","Nucleotide GPCRs"
"WP98","Prostaglandin synthesis and regulation"
