"Indicator";"Registry";"Cancer";"Age";"Sex";"Year";"Age-specific Rate"
"Incidence";"Croatia";"Lung";"0-14";"Male";"2001";"0.00"
"Incidence";"Croatia";"Lung";"0-14";"Male";"2002";"0.00"
"Incidence";"Croatia";"Lung";"0-14";"Male";"2003";"0.00"
"Incidence";"Croatia";"Lung";"0-14";"Male";"2004";"0.00"
"Incidence";"Croatia";"Lung";"0-14";"Male";"2005";"0.00"
"Incidence";"Croatia";"Lung";"0-14";"Male";"2006";"0.00"
"Incidence";"Croatia";"Lung";"0-14";"Male";"2007";"0.00"
"Incidence";"Croatia";"Lung";"0-14";"Male";"2008";"0.00"
"Incidence";"Croatia";"Lung";"0-14";"Male";"2009";"0.00"
"Incidence";"Croatia";"Lung";"0-14";"Male";"2010";"0.00"
"Incidence";"Croatia";"Lung";"0-14";"Male";"2011";"0.00"
"Incidence";"Croatia";"Lung";"0-14";"Male";"2012";"0.00"
"Incidence";"Croatia";"Lung";"0-14";"Male";"2013";"0.00"
"Incidence";"Croatia";"Lung";"0-14";"Male";"2014";"0.00"
"Incidence";"Croatia";"Lung";"0-14";"Male";"2015";"0.00"
"Incidence";"Croatia";"Lung";"0-14";"Male";"2016";"0.00"
"Incidence";"Croatia";"Lung";"0-14";"Male";"2017";"0.00"
"Incidence";"Croatia";"Lung";"0-14";"Male";"2018";"0.00"
"Incidence";"Croatia";"Lung";"0-14";"Male";"2019";"0.00"
"Incidence";"Croatia";"Lung";"0-14";"Male";"2020";"0.00"
"Incidence";"Croatia";"Lung";"0-14";"Male";"2021";"0.00"
"Incidence";"Croatia";"Lung";"0-14";"Male";"2022";"0.00"
"Incidence";"Croatia";"Lung";"0-14";"Female";"2001";"0.00"
"Incidence";"Croatia";"Lung";"0-14";"Female";"2002";"0.00"
"Incidence";"Croatia";"Lung";"0-14";"Female";"2003";"0.00"
"Incidence";"Croatia";"Lung";"0-14";"Female";"2004";"0.00"
"Incidence";"Croatia";"Lung";"0-14";"Female";"2005";"0.00"
"Incidence";"Croatia";"Lung";"0-14";"Female";"2006";"0.00"
"Incidence";"Croatia";"Lung";"0-14";"Female";"2007";"0.00"
"Incidence";"Croatia";"Lung";"0-14";"Female";"2008";"0.00"
"Incidence";"Croatia";"Lung";"0-14";"Female";"2009";"0.00"
"Incidence";"Croatia";"Lung";"0-14";"Female";"2010";"0.00"
"Incidence";"Croatia";"Lung";"0-14";"Female";"2011";"0.00"
"Incidence";"Croatia";"Lung";"0-14";"Female";"2012";"0.00"
"Incidence";"Croatia";"Lung";"0-14";"Female";"2013";"0.00"
"Incidence";"Croatia";"Lung";"0-14";"Female";"2014";"0.00"
"Incidence";"Croatia";"Lung";"0-14";"Female";"2015";"0.00"
"Incidence";"Croatia";"Lung";"0-14";"Female";"2016";"0.00"
"Incidence";"Croatia";"Lung";"0-14";"Female";"2017";"0.00"
"Incidence";"Croatia";"Lung";"0-14";"Female";"2018";"0.00"
"Incidence";"Croatia";"Lung";"0-14";"Female";"2019";"0.00"
"Incidence";"Croatia";"Lung";"0-14";"Female";"2020";"0.00"
"Incidence";"Croatia";"Lung";"0-14";"Female";"2021";"0.00"
"Incidence";"Croatia";"Lung";"0-14";"Female";"2022";"0.00"
"Mortality";"Croatia";"Lung";"0-14";"Male";"2001";"0.00"
"Mortality";"Croatia";"Lung";"0-14";"Male";"2002";"0.00"
"Mortality";"Croatia";"Lung";"0-14";"Male";"2003";"0.00"
"Mortality";"Croatia";"Lung";"0-14";"Male";"2004";"0.00"
"Mortality";"Croatia";"Lung";"0-14";"Male";"2005";"0.00"
"Mortality";"Croatia";"Lung";"0-14";"Male";"2006";"0.00"
"Mortality";"Croatia";"Lung";"0-14";"Male";"2007";"0.00"
"Mortality";"Croatia";"Lung";"0-14";"Male";"2008";"0.00"
"Mortality";"Croatia";"Lung";"0-14";"Male";"2009";"0.00"
"Mortality";"Croatia";"Lung";"0-14";"Male";"2010";"0.00"
"Mortality";"Croatia";"Lung";"0-14";"Male";"2011";"0.00"
"Mortality";"Croatia";"Lung";"0-14";"Male";"2012";"0.00"
"Mortality";"Croatia";"Lung";"0-14";"Male";"2013";"0.00"
"Mortality";"Croatia";"Lung";"0-14";"Male";"2014";"0.00"
"Mortality";"Croatia";"Lung";"0-14";"Male";"2015";"0.00"
"Mortality";"Croatia";"Lung";"0-14";"Male";"2016";"0.00"
"Mortality";"Croatia";"Lung";"0-14";"Male";"2017";"0.00"
"Mortality";"Croatia";"Lung";"0-14";"Male";"2018";"0.00"
"Mortality";"Croatia";"Lung";"0-14";"Male";"2019";"0.00"
"Mortality";"Croatia";"Lung";"0-14";"Male";"2020";"0.00"
"Mortality";"Croatia";"Lung";"0-14";"Male";"2021";"0.00"
"Mortality";"Croatia";"Lung";"0-14";"Male";"2022";"0.00"
"Mortality";"Croatia";"Lung";"0-14";"Female";"2001";"0.00"
"Mortality";"Croatia";"Lung";"0-14";"Female";"2002";"0.00"
"Mortality";"Croatia";"Lung";"0-14";"Female";"2003";"0.00"
"Mortality";"Croatia";"Lung";"0-14";"Female";"2004";"0.00"
"Mortality";"Croatia";"Lung";"0-14";"Female";"2005";"0.00"
"Mortality";"Croatia";"Lung";"0-14";"Female";"2006";"0.00"
"Mortality";"Croatia";"Lung";"0-14";"Female";"2007";"0.00"
"Mortality";"Croatia";"Lung";"0-14";"Female";"2008";"0.00"
"Mortality";"Croatia";"Lung";"0-14";"Female";"2009";"0.00"
"Mortality";"Croatia";"Lung";"0-14";"Female";"2010";"0.00"
"Mortality";"Croatia";"Lung";"0-14";"Female";"2011";"0.00"
"Mortality";"Croatia";"Lung";"0-14";"Female";"2012";"0.00"
"Mortality";"Croatia";"Lung";"0-14";"Female";"2013";"0.00"
"Mortality";"Croatia";"Lung";"0-14";"Female";"2014";"0.00"
"Mortality";"Croatia";"Lung";"0-14";"Female";"2015";"0.00"
"Mortality";"Croatia";"Lung";"0-14";"Female";"2016";"0.00"
"Mortality";"Croatia";"Lung";"0-14";"Female";"2017";"0.00"
"Mortality";"Croatia";"Lung";"0-14";"Female";"2018";"0.00"
"Mortality";"Croatia";"Lung";"0-14";"Female";"2019";"0.00"
"Mortality";"Croatia";"Lung";"0-14";"Female";"2020";"0.00"
"Mortality";"Croatia";"Lung";"0-14";"Female";"2021";"0.00"
"Mortality";"Croatia";"Lung";"0-14";"Female";"2022";"0.00"
"Mortality";"Croatia";"Lung";"15-29";"Male";"2001";"0.23"
"Mortality";"Croatia";"Lung";"15-29";"Male";"2002";"0.23"
"Mortality";"Croatia";"Lung";"15-29";"Male";"2003";"0.23"
"Mortality";"Croatia";"Lung";"15-29";"Male";"2004";"0.00"
"Mortality";"Croatia";"Lung";"15-29";"Male";"2005";"0.23"
"Mortality";"Croatia";"Lung";"15-29";"Male";"2006";"0.00"
"Mortality";"Croatia";"Lung";"15-29";"Male";"2007";"0.00"
"Mortality";"Croatia";"Lung";"15-29";"Male";"2008";"0.00"
"Mortality";"Croatia";"Lung";"15-29";"Male";"2009";"0.00"
"Mortality";"Croatia";"Lung";"15-29";"Male";"2010";"0.24"
"Mortality";"Croatia";"Lung";"15-29";"Male";"2011";"0.25"
"Mortality";"Croatia";"Lung";"15-29";"Male";"2012";"0.00"
"Mortality";"Croatia";"Lung";"15-29";"Male";"2013";"0.26"
"Mortality";"Croatia";"Lung";"15-29";"Male";"2014";"0.00"
"Mortality";"Croatia";"Lung";"15-29";"Male";"2015";"0.27"
"Mortality";"Croatia";"Lung";"15-29";"Male";"2016";"0.00"
"Mortality";"Croatia";"Lung";"15-29";"Male";"2017";"0.00"
"Mortality";"Croatia";"Lung";"15-29";"Male";"2018";"0.00"
"Mortality";"Croatia";"Lung";"15-29";"Male";"2019";"0.31"
"Mortality";"Croatia";"Lung";"15-29";"Male";"2020";"0.00"
"Mortality";"Croatia";"Lung";"15-29";"Male";"2021";"0.00"
"Mortality";"Croatia";"Lung";"15-29";"Male";"2022";"0.00"
"Incidence";"Croatia";"Lung";"15-29";"Male";"2001";"0.70"
"Incidence";"Croatia";"Lung";"15-29";"Male";"2002";"0.47"
"Incidence";"Croatia";"Lung";"15-29";"Male";"2003";"0.47"
"Incidence";"Croatia";"Lung";"15-29";"Male";"2004";"0.23"
"Incidence";"Croatia";"Lung";"15-29";"Male";"2005";"0.23"
"Incidence";"Croatia";"Lung";"15-29";"Male";"2006";"0.23"
"Incidence";"Croatia";"Lung";"15-29";"Male";"2007";"0.00"
"Incidence";"Croatia";"Lung";"15-29";"Male";"2008";"0.00"
"Incidence";"Croatia";"Lung";"15-29";"Male";"2009";"0.24"
"Incidence";"Croatia";"Lung";"15-29";"Male";"2010";"0.49"
"Incidence";"Croatia";"Lung";"15-29";"Male";"2011";"0.25"
"Incidence";"Croatia";"Lung";"15-29";"Male";"2012";"0.50"
"Incidence";"Croatia";"Lung";"15-29";"Male";"2013";"0.26"
"Incidence";"Croatia";"Lung";"15-29";"Male";"2014";"0.26"
"Incidence";"Croatia";"Lung";"15-29";"Male";"2015";"0.00"
"Incidence";"Croatia";"Lung";"15-29";"Male";"2016";"0.00"
"Incidence";"Croatia";"Lung";"15-29";"Male";"2017";"0.00"
"Incidence";"Croatia";"Lung";"15-29";"Male";"2018";"0.00"
"Incidence";"Croatia";"Lung";"15-29";"Male";"2019";"0.93"
"Incidence";"Croatia";"Lung";"15-29";"Male";"2020";"0.31"
"Incidence";"Croatia";"Lung";"15-29";"Male";"2021";"0.32"
"Incidence";"Croatia";"Lung";"15-29";"Male";"2022";"0.00"
"Incidence";"Croatia";"Lung";"15-29";"Female";"2001";"0.24"
"Incidence";"Croatia";"Lung";"15-29";"Female";"2002";"1.21"
"Incidence";"Croatia";"Lung";"15-29";"Female";"2003";"0.48"
"Incidence";"Croatia";"Lung";"15-29";"Female";"2004";"0.24"
"Incidence";"Croatia";"Lung";"15-29";"Female";"2005";"0.49"
"Incidence";"Croatia";"Lung";"15-29";"Female";"2006";"0.00"
"Incidence";"Croatia";"Lung";"15-29";"Female";"2007";"0.00"
"Incidence";"Croatia";"Lung";"15-29";"Female";"2008";"0.00"
"Incidence";"Croatia";"Lung";"15-29";"Female";"2009";"0.25"
"Incidence";"Croatia";"Lung";"15-29";"Female";"2010";"0.76"
"Incidence";"Croatia";"Lung";"15-29";"Female";"2011";"0.52"
"Incidence";"Croatia";"Lung";"15-29";"Female";"2012";"0.26"
"Incidence";"Croatia";"Lung";"15-29";"Female";"2013";"0.00"
"Incidence";"Croatia";"Lung";"15-29";"Female";"2014";"0.00"
"Incidence";"Croatia";"Lung";"15-29";"Female";"2015";"0.28"
"Incidence";"Croatia";"Lung";"15-29";"Female";"2016";"0.00"
"Incidence";"Croatia";"Lung";"15-29";"Female";"2017";"0.00"
"Incidence";"Croatia";"Lung";"15-29";"Female";"2018";"0.00"
"Incidence";"Croatia";"Lung";"15-29";"Female";"2019";"0.64"
"Incidence";"Croatia";"Lung";"15-29";"Female";"2020";"0.00"
"Incidence";"Croatia";"Lung";"15-29";"Female";"2021";"0.67"
"Incidence";"Croatia";"Lung";"15-29";"Female";"2022";"0.34"
"Mortality";"Croatia";"Lung";"15-29";"Female";"2001";"0.24"
"Mortality";"Croatia";"Lung";"15-29";"Female";"2002";"0.48"
"Mortality";"Croatia";"Lung";"15-29";"Female";"2003";"0.24"
"Mortality";"Croatia";"Lung";"15-29";"Female";"2004";"0.24"
"Mortality";"Croatia";"Lung";"15-29";"Female";"2005";"0.49"
"Mortality";"Croatia";"Lung";"15-29";"Female";"2006";"0.24"
"Mortality";"Croatia";"Lung";"15-29";"Female";"2007";"0.00"
"Mortality";"Croatia";"Lung";"15-29";"Female";"2008";"0.25"
"Mortality";"Croatia";"Lung";"15-29";"Female";"2009";"0.00"
"Mortality";"Croatia";"Lung";"15-29";"Female";"2010";"0.25"
"Mortality";"Croatia";"Lung";"15-29";"Female";"2011";"0.00"
"Mortality";"Croatia";"Lung";"15-29";"Female";"2012";"0.00"
"Mortality";"Croatia";"Lung";"15-29";"Female";"2013";"0.00"
"Mortality";"Croatia";"Lung";"15-29";"Female";"2014";"0.00"
"Mortality";"Croatia";"Lung";"15-29";"Female";"2015";"0.00"
"Mortality";"Croatia";"Lung";"15-29";"Female";"2016";"0.00"
"Mortality";"Croatia";"Lung";"15-29";"Female";"2017";"0.00"
"Mortality";"Croatia";"Lung";"15-29";"Female";"2018";"0.00"
"Mortality";"Croatia";"Lung";"15-29";"Female";"2019";"0.00"
"Mortality";"Croatia";"Lung";"15-29";"Female";"2020";"0.00"
"Mortality";"Croatia";"Lung";"15-29";"Female";"2021";"0.00"
"Mortality";"Croatia";"Lung";"15-29";"Female";"2022";"0.00"
"Incidence";"Croatia";"Lung";"30-44";"Female";"2001";"4.79"
"Incidence";"Croatia";"Lung";"30-44";"Female";"2002";"6.81"
"Incidence";"Croatia";"Lung";"30-44";"Female";"2003";"6.65"
"Incidence";"Croatia";"Lung";"30-44";"Female";"2004";"4.48"
"Incidence";"Croatia";"Lung";"30-44";"Female";"2005";"3.84"
"Incidence";"Croatia";"Lung";"30-44";"Female";"2006";"5.01"
"Incidence";"Croatia";"Lung";"30-44";"Female";"2007";"4.13"
"Incidence";"Croatia";"Lung";"30-44";"Female";"2008";"3.00"
"Incidence";"Croatia";"Lung";"30-44";"Female";"2009";"3.69"
"Incidence";"Croatia";"Lung";"30-44";"Female";"2010";"4.18"
"Incidence";"Croatia";"Lung";"30-44";"Female";"2011";"3.74"
"Incidence";"Croatia";"Lung";"30-44";"Female";"2012";"5.65"
"Incidence";"Croatia";"Lung";"30-44";"Female";"2013";"3.08"
"Incidence";"Croatia";"Lung";"30-44";"Female";"2014";"4.52"
"Incidence";"Croatia";"Lung";"30-44";"Female";"2015";"2.88"
"Incidence";"Croatia";"Lung";"30-44";"Female";"2016";"3.39"
"Incidence";"Croatia";"Lung";"30-44";"Female";"2017";"3.71"
"Incidence";"Croatia";"Lung";"30-44";"Female";"2018";"2.27"
"Incidence";"Croatia";"Lung";"30-44";"Female";"2019";"4.12"
"Incidence";"Croatia";"Lung";"30-44";"Female";"2020";"3.94"
"Incidence";"Croatia";"Lung";"30-44";"Female";"2021";"3.47"
"Incidence";"Croatia";"Lung";"30-44";"Female";"2022";"5.70"
"Mortality";"Croatia";"Lung";"30-44";"Male";"2001";"8.73"
"Mortality";"Croatia";"Lung";"30-44";"Male";"2002";"9.27"
"Mortality";"Croatia";"Lung";"30-44";"Male";"2003";"7.56"
"Mortality";"Croatia";"Lung";"30-44";"Male";"2004";"6.94"
"Mortality";"Croatia";"Lung";"30-44";"Male";"2005";"7.22"
"Mortality";"Croatia";"Lung";"30-44";"Male";"2006";"6.79"
"Mortality";"Croatia";"Lung";"30-44";"Male";"2007";"7.26"
"Mortality";"Croatia";"Lung";"30-44";"Male";"2008";"4.32"
"Mortality";"Croatia";"Lung";"30-44";"Male";"2009";"5.22"
"Mortality";"Croatia";"Lung";"30-44";"Male";"2010";"4.78"
"Mortality";"Croatia";"Lung";"30-44";"Male";"2011";"3.89"
"Mortality";"Croatia";"Lung";"30-44";"Male";"2012";"2.99"
"Mortality";"Croatia";"Lung";"30-44";"Male";"2013";"4.18"
"Mortality";"Croatia";"Lung";"30-44";"Male";"2014";"2.34"
"Mortality";"Croatia";"Lung";"30-44";"Male";"2015";"1.90"
"Mortality";"Croatia";"Lung";"30-44";"Male";"2016";"4.33"
"Mortality";"Croatia";"Lung";"30-44";"Male";"2017";"3.72"
"Mortality";"Croatia";"Lung";"30-44";"Male";"2018";"2.54"
"Mortality";"Croatia";"Lung";"30-44";"Male";"2019";"4.12"
"Mortality";"Croatia";"Lung";"30-44";"Male";"2020";"1.04"
"Mortality";"Croatia";"Lung";"30-44";"Male";"2021";"2.12"
"Mortality";"Croatia";"Lung";"30-44";"Male";"2022";"2.66"
"Incidence";"Croatia";"Lung";"30-44";"Male";"2001";"16.58"
"Incidence";"Croatia";"Lung";"30-44";"Male";"2002";"13.02"
"Incidence";"Croatia";"Lung";"30-44";"Male";"2003";"9.33"
"Incidence";"Croatia";"Lung";"30-44";"Male";"2004";"11.87"
"Incidence";"Croatia";"Lung";"30-44";"Male";"2005";"11.50"
"Incidence";"Croatia";"Lung";"30-44";"Male";"2006";"9.95"
"Incidence";"Croatia";"Lung";"30-44";"Male";"2007";"10.21"
"Incidence";"Croatia";"Lung";"30-44";"Male";"2008";"5.45"
"Incidence";"Croatia";"Lung";"30-44";"Male";"2009";"9.08"
"Incidence";"Croatia";"Lung";"30-44";"Male";"2010";"6.60"
"Incidence";"Croatia";"Lung";"30-44";"Male";"2011";"6.18"
"Incidence";"Croatia";"Lung";"30-44";"Male";"2012";"3.45"
"Incidence";"Croatia";"Lung";"30-44";"Male";"2013";"5.11"
"Incidence";"Croatia";"Lung";"30-44";"Male";"2014";"4.21"
"Incidence";"Croatia";"Lung";"30-44";"Male";"2015";"4.26"
"Incidence";"Croatia";"Lung";"30-44";"Male";"2016";"4.81"
"Incidence";"Croatia";"Lung";"30-44";"Male";"2017";"5.46"
"Incidence";"Croatia";"Lung";"30-44";"Male";"2018";"5.84"
"Incidence";"Croatia";"Lung";"30-44";"Male";"2019";"4.12"
"Incidence";"Croatia";"Lung";"30-44";"Male";"2020";"3.66"
"Incidence";"Croatia";"Lung";"30-44";"Male";"2021";"3.97"
"Incidence";"Croatia";"Lung";"30-44";"Male";"2022";"7.19"
"Mortality";"Croatia";"Lung";"30-44";"Female";"2001";"4.36"
"Mortality";"Croatia";"Lung";"30-44";"Female";"2002";"3.08"
"Mortality";"Croatia";"Lung";"30-44";"Female";"2003";"4.66"
"Mortality";"Croatia";"Lung";"30-44";"Female";"2004";"4.25"
"Mortality";"Croatia";"Lung";"30-44";"Female";"2005";"2.26"
"Mortality";"Croatia";"Lung";"30-44";"Female";"2006";"2.96"
"Mortality";"Croatia";"Lung";"30-44";"Female";"2007";"1.83"
"Mortality";"Croatia";"Lung";"30-44";"Female";"2008";"1.61"
"Mortality";"Croatia";"Lung";"30-44";"Female";"2009";"3.00"
"Mortality";"Croatia";"Lung";"30-44";"Female";"2010";"2.55"
"Mortality";"Croatia";"Lung";"30-44";"Female";"2011";"2.10"
"Mortality";"Croatia";"Lung";"30-44";"Female";"2012";"2.12"
"Mortality";"Croatia";"Lung";"30-44";"Female";"2013";"1.66"
"Mortality";"Croatia";"Lung";"30-44";"Female";"2014";"4.04"
"Mortality";"Croatia";"Lung";"30-44";"Female";"2015";"1.68"
"Mortality";"Croatia";"Lung";"30-44";"Female";"2016";"0.97"
"Mortality";"Croatia";"Lung";"30-44";"Female";"2017";"1.48"
"Mortality";"Croatia";"Lung";"30-44";"Female";"2018";"1.77"
"Mortality";"Croatia";"Lung";"30-44";"Female";"2019";"1.54"
"Mortality";"Croatia";"Lung";"30-44";"Female";"2020";"2.89"
"Mortality";"Croatia";"Lung";"30-44";"Female";"2021";"0.53"
"Mortality";"Croatia";"Lung";"30-44";"Female";"2022";"0.27"
"Mortality";"Croatia";"Lung";"45-59";"Male";"2001";"113.89"
"Mortality";"Croatia";"Lung";"45-59";"Male";"2002";"109.21"
"Mortality";"Croatia";"Lung";"45-59";"Male";"2003";"114.23"
"Mortality";"Croatia";"Lung";"45-59";"Male";"2004";"104.39"
"Mortality";"Croatia";"Lung";"45-59";"Male";"2005";"108.34"
"Mortality";"Croatia";"Lung";"45-59";"Male";"2006";"114.14"
"Mortality";"Croatia";"Lung";"45-59";"Male";"2007";"110.34"
"Mortality";"Croatia";"Lung";"45-59";"Male";"2008";"118.38"
"Mortality";"Croatia";"Lung";"45-59";"Male";"2009";"112.41"
"Mortality";"Croatia";"Lung";"45-59";"Male";"2010";"108.36"
"Mortality";"Croatia";"Lung";"45-59";"Male";"2011";"104.89"
"Mortality";"Croatia";"Lung";"45-59";"Male";"2012";"95.68"
"Mortality";"Croatia";"Lung";"45-59";"Male";"2013";"90.14"
"Mortality";"Croatia";"Lung";"45-59";"Male";"2014";"91.36"
"Mortality";"Croatia";"Lung";"45-59";"Male";"2015";"90.41"
"Mortality";"Croatia";"Lung";"45-59";"Male";"2016";"82.36"
"Mortality";"Croatia";"Lung";"45-59";"Male";"2017";"78.44"
"Mortality";"Croatia";"Lung";"45-59";"Male";"2018";"75.19"
"Mortality";"Croatia";"Lung";"45-59";"Male";"2019";"63.77"
"Mortality";"Croatia";"Lung";"45-59";"Male";"2020";"60.54"
"Mortality";"Croatia";"Lung";"45-59";"Male";"2021";"59.20"
"Mortality";"Croatia";"Lung";"45-59";"Male";"2022";"49.06"
"Incidence";"Croatia";"Lung";"45-59";"Male";"2001";"136.00"
"Incidence";"Croatia";"Lung";"45-59";"Male";"2002";"139.45"
"Incidence";"Croatia";"Lung";"45-59";"Male";"2003";"125.53"
"Incidence";"Croatia";"Lung";"45-59";"Male";"2004";"133.54"
"Incidence";"Croatia";"Lung";"45-59";"Male";"2005";"144.02"
"Incidence";"Croatia";"Lung";"45-59";"Male";"2006";"132.01"
"Incidence";"Croatia";"Lung";"45-59";"Male";"2007";"135.62"
"Incidence";"Croatia";"Lung";"45-59";"Male";"2008";"139.25"
"Incidence";"Croatia";"Lung";"45-59";"Male";"2009";"138.64"
"Incidence";"Croatia";"Lung";"45-59";"Male";"2010";"122.96"
"Incidence";"Croatia";"Lung";"45-59";"Male";"2011";"133.32"
"Incidence";"Croatia";"Lung";"45-59";"Male";"2012";"111.91"
"Incidence";"Croatia";"Lung";"45-59";"Male";"2013";"108.34"
"Incidence";"Croatia";"Lung";"45-59";"Male";"2014";"120.11"
"Incidence";"Croatia";"Lung";"45-59";"Male";"2015";"107.81"
"Incidence";"Croatia";"Lung";"45-59";"Male";"2016";"93.12"
"Incidence";"Croatia";"Lung";"45-59";"Male";"2017";"91.60"
"Incidence";"Croatia";"Lung";"45-59";"Male";"2018";"90.28"
"Incidence";"Croatia";"Lung";"45-59";"Male";"2019";"86.26"
"Incidence";"Croatia";"Lung";"45-59";"Male";"2020";"78.38"
"Incidence";"Croatia";"Lung";"45-59";"Male";"2021";"78.01"
"Incidence";"Croatia";"Lung";"45-59";"Male";"2022";"77.32"
"Incidence";"Croatia";"Lung";"45-59";"Female";"2001";"33.13"
"Incidence";"Croatia";"Lung";"45-59";"Female";"2002";"34.52"
"Incidence";"Croatia";"Lung";"45-59";"Female";"2003";"29.11"
"Incidence";"Croatia";"Lung";"45-59";"Female";"2004";"28.80"
"Incidence";"Croatia";"Lung";"45-59";"Female";"2005";"34.54"
"Incidence";"Croatia";"Lung";"45-59";"Female";"2006";"40.30"
"Incidence";"Croatia";"Lung";"45-59";"Female";"2007";"31.99"
"Incidence";"Croatia";"Lung";"45-59";"Female";"2008";"30.16"
"Incidence";"Croatia";"Lung";"45-59";"Female";"2009";"39.68"
"Incidence";"Croatia";"Lung";"45-59";"Female";"2010";"40.47"
"Incidence";"Croatia";"Lung";"45-59";"Female";"2011";"45.34"
"Incidence";"Croatia";"Lung";"45-59";"Female";"2012";"44.39"
"Incidence";"Croatia";"Lung";"45-59";"Female";"2013";"50.61"
"Incidence";"Croatia";"Lung";"45-59";"Female";"2014";"42.34"
"Incidence";"Croatia";"Lung";"45-59";"Female";"2015";"46.31"
"Incidence";"Croatia";"Lung";"45-59";"Female";"2016";"42.52"
"Incidence";"Croatia";"Lung";"45-59";"Female";"2017";"43.58"
"Incidence";"Croatia";"Lung";"45-59";"Female";"2018";"44.36"
"Incidence";"Croatia";"Lung";"45-59";"Female";"2019";"46.63"
"Incidence";"Croatia";"Lung";"45-59";"Female";"2020";"40.77"
"Incidence";"Croatia";"Lung";"45-59";"Female";"2021";"43.58"
"Incidence";"Croatia";"Lung";"45-59";"Female";"2022";"41.52"
"Mortality";"Croatia";"Lung";"45-59";"Female";"2001";"20.24"
"Mortality";"Croatia";"Lung";"45-59";"Female";"2002";"23.16"
"Mortality";"Croatia";"Lung";"45-59";"Female";"2003";"23.51"
"Mortality";"Croatia";"Lung";"45-59";"Female";"2004";"23.52"
"Mortality";"Croatia";"Lung";"45-59";"Female";"2005";"21.02"
"Mortality";"Croatia";"Lung";"45-59";"Female";"2006";"26.44"
"Mortality";"Croatia";"Lung";"45-59";"Female";"2007";"28.64"
"Mortality";"Croatia";"Lung";"45-59";"Female";"2008";"31.20"
"Mortality";"Croatia";"Lung";"45-59";"Female";"2009";"25.27"
"Mortality";"Croatia";"Lung";"45-59";"Female";"2010";"29.99"
"Mortality";"Croatia";"Lung";"45-59";"Female";"2011";"34.64"
"Mortality";"Croatia";"Lung";"45-59";"Female";"2012";"30.93"
"Mortality";"Croatia";"Lung";"45-59";"Female";"2013";"34.23"
"Mortality";"Croatia";"Lung";"45-59";"Female";"2014";"34.39"
"Mortality";"Croatia";"Lung";"45-59";"Female";"2015";"34.68"
"Mortality";"Croatia";"Lung";"45-59";"Female";"2016";"26.18"
"Mortality";"Croatia";"Lung";"45-59";"Female";"2017";"32.17"
"Mortality";"Croatia";"Lung";"45-59";"Female";"2018";"31.82"
"Mortality";"Croatia";"Lung";"45-59";"Female";"2019";"29.35"
"Mortality";"Croatia";"Lung";"45-59";"Female";"2020";"29.67"
"Mortality";"Croatia";"Lung";"45-59";"Female";"2021";"27.18"
"Mortality";"Croatia";"Lung";"45-59";"Female";"2022";"22.13"
"Mortality";"Croatia";"Lung";"60-74";"Female";"2001";"51.46"
"Mortality";"Croatia";"Lung";"60-74";"Female";"2002";"55.75"
"Mortality";"Croatia";"Lung";"60-74";"Female";"2003";"56.70"
"Mortality";"Croatia";"Lung";"60-74";"Female";"2004";"60.49"
"Mortality";"Croatia";"Lung";"60-74";"Female";"2005";"66.35"
"Mortality";"Croatia";"Lung";"60-74";"Female";"2006";"63.65"
"Mortality";"Croatia";"Lung";"60-74";"Female";"2007";"62.58"
"Mortality";"Croatia";"Lung";"60-74";"Female";"2008";"63.19"
"Mortality";"Croatia";"Lung";"60-74";"Female";"2009";"66.42"
"Mortality";"Croatia";"Lung";"60-74";"Female";"2010";"70.49"
"Mortality";"Croatia";"Lung";"60-74";"Female";"2011";"75.70"
"Mortality";"Croatia";"Lung";"60-74";"Female";"2012";"70.01"
"Mortality";"Croatia";"Lung";"60-74";"Female";"2013";"76.21"
"Mortality";"Croatia";"Lung";"60-74";"Female";"2014";"80.32"
"Mortality";"Croatia";"Lung";"60-74";"Female";"2015";"77.45"
"Mortality";"Croatia";"Lung";"60-74";"Female";"2016";"93.43"
"Mortality";"Croatia";"Lung";"60-74";"Female";"2017";"105.57"
"Mortality";"Croatia";"Lung";"60-74";"Female";"2018";"114.60"
"Mortality";"Croatia";"Lung";"60-74";"Female";"2019";"110.20"
"Mortality";"Croatia";"Lung";"60-74";"Female";"2020";"110.30"
"Mortality";"Croatia";"Lung";"60-74";"Female";"2021";"115.22"
"Mortality";"Croatia";"Lung";"60-74";"Female";"2022";"118.26"
"Incidence";"Croatia";"Lung";"60-74";"Female";"2001";"65.19"
"Incidence";"Croatia";"Lung";"60-74";"Female";"2002";"67.30"
"Incidence";"Croatia";"Lung";"60-74";"Female";"2003";"64.10"
"Incidence";"Croatia";"Lung";"60-74";"Female";"2004";"74.67"
"Incidence";"Croatia";"Lung";"60-74";"Female";"2005";"79.82"
"Incidence";"Croatia";"Lung";"60-74";"Female";"2006";"80.08"
"Incidence";"Croatia";"Lung";"60-74";"Female";"2007";"62.84"
"Incidence";"Croatia";"Lung";"60-74";"Female";"2008";"62.14"
"Incidence";"Croatia";"Lung";"60-74";"Female";"2009";"82.49"
"Incidence";"Croatia";"Lung";"60-74";"Female";"2010";"73.12"
"Incidence";"Croatia";"Lung";"60-74";"Female";"2011";"97.78"
"Incidence";"Croatia";"Lung";"60-74";"Female";"2012";"81.85"
"Incidence";"Croatia";"Lung";"60-74";"Female";"2013";"91.09"
"Incidence";"Croatia";"Lung";"60-74";"Female";"2014";"101.57"
"Incidence";"Croatia";"Lung";"60-74";"Female";"2015";"99.25"
"Incidence";"Croatia";"Lung";"60-74";"Female";"2016";"120.27"
"Incidence";"Croatia";"Lung";"60-74";"Female";"2017";"138.34"
"Incidence";"Croatia";"Lung";"60-74";"Female";"2018";"141.27"
"Incidence";"Croatia";"Lung";"60-74";"Female";"2019";"155.34"
"Incidence";"Croatia";"Lung";"60-74";"Female";"2020";"140.67"
"Incidence";"Croatia";"Lung";"60-74";"Female";"2021";"153.86"
"Incidence";"Croatia";"Lung";"60-74";"Female";"2022";"159.47"
"Mortality";"Croatia";"Lung";"60-74";"Male";"2001";"407.74"
"Mortality";"Croatia";"Lung";"60-74";"Male";"2002";"389.21"
"Mortality";"Croatia";"Lung";"60-74";"Male";"2003";"377.60"
"Mortality";"Croatia";"Lung";"60-74";"Male";"2004";"374.09"
"Mortality";"Croatia";"Lung";"60-74";"Male";"2005";"364.12"
"Mortality";"Croatia";"Lung";"60-74";"Male";"2006";"379.56"
"Mortality";"Croatia";"Lung";"60-74";"Male";"2007";"365.34"
"Mortality";"Croatia";"Lung";"60-74";"Male";"2008";"339.07"
"Mortality";"Croatia";"Lung";"60-74";"Male";"2009";"348.55"
"Mortality";"Croatia";"Lung";"60-74";"Male";"2010";"327.46"
"Mortality";"Croatia";"Lung";"60-74";"Male";"2011";"324.98"
"Mortality";"Croatia";"Lung";"60-74";"Male";"2012";"331.31"
"Mortality";"Croatia";"Lung";"60-74";"Male";"2013";"328.68"
"Mortality";"Croatia";"Lung";"60-74";"Male";"2014";"328.10"
"Mortality";"Croatia";"Lung";"60-74";"Male";"2015";"326.07"
"Mortality";"Croatia";"Lung";"60-74";"Male";"2016";"329.41"
"Mortality";"Croatia";"Lung";"60-74";"Male";"2017";"340.59"
"Mortality";"Croatia";"Lung";"60-74";"Male";"2018";"330.94"
"Mortality";"Croatia";"Lung";"60-74";"Male";"2019";"314.81"
"Mortality";"Croatia";"Lung";"60-74";"Male";"2020";"315.96"
"Mortality";"Croatia";"Lung";"60-74";"Male";"2021";"300.68"
"Mortality";"Croatia";"Lung";"60-74";"Male";"2022";"319.12"
"Incidence";"Croatia";"Lung";"60-74";"Male";"2001";"455.97"
"Incidence";"Croatia";"Lung";"60-74";"Male";"2002";"437.03"
"Incidence";"Croatia";"Lung";"60-74";"Male";"2003";"423.02"
"Incidence";"Croatia";"Lung";"60-74";"Male";"2004";"387.59"
"Incidence";"Croatia";"Lung";"60-74";"Male";"2005";"413.70"
"Incidence";"Croatia";"Lung";"60-74";"Male";"2006";"395.68"
"Incidence";"Croatia";"Lung";"60-74";"Male";"2007";"368.36"
"Incidence";"Croatia";"Lung";"60-74";"Male";"2008";"345.77"
"Incidence";"Croatia";"Lung";"60-74";"Male";"2009";"382.23"
"Incidence";"Croatia";"Lung";"60-74";"Male";"2010";"339.32"
"Incidence";"Croatia";"Lung";"60-74";"Male";"2011";"383.39"
"Incidence";"Croatia";"Lung";"60-74";"Male";"2012";"361.69"
"Incidence";"Croatia";"Lung";"60-74";"Male";"2013";"358.16"
"Incidence";"Croatia";"Lung";"60-74";"Male";"2014";"374.48"
"Incidence";"Croatia";"Lung";"60-74";"Male";"2015";"362.71"
"Incidence";"Croatia";"Lung";"60-74";"Male";"2016";"362.92"
"Incidence";"Croatia";"Lung";"60-74";"Male";"2017";"377.32"
"Incidence";"Croatia";"Lung";"60-74";"Male";"2018";"387.31"
"Incidence";"Croatia";"Lung";"60-74";"Male";"2019";"407.67"
"Incidence";"Croatia";"Lung";"60-74";"Male";"2020";"338.37"
"Incidence";"Croatia";"Lung";"60-74";"Male";"2021";"375.37"
"Incidence";"Croatia";"Lung";"60-74";"Male";"2022";"402.60"
"Incidence";"Croatia";"Lung";"75-85+";"Male";"2001";"458.23"
"Incidence";"Croatia";"Lung";"75-85+";"Male";"2002";"482.24"
"Incidence";"Croatia";"Lung";"75-85+";"Male";"2003";"455.39"
"Incidence";"Croatia";"Lung";"75-85+";"Male";"2004";"455.20"
"Incidence";"Croatia";"Lung";"75-85+";"Male";"2005";"455.54"
"Incidence";"Croatia";"Lung";"75-85+";"Male";"2006";"435.77"
"Incidence";"Croatia";"Lung";"75-85+";"Male";"2007";"475.87"
"Incidence";"Croatia";"Lung";"75-85+";"Male";"2008";"446.70"
"Incidence";"Croatia";"Lung";"75-85+";"Male";"2009";"498.24"
"Incidence";"Croatia";"Lung";"75-85+";"Male";"2010";"480.51"
"Incidence";"Croatia";"Lung";"75-85+";"Male";"2011";"475.57"
"Incidence";"Croatia";"Lung";"75-85+";"Male";"2012";"489.74"
"Incidence";"Croatia";"Lung";"75-85+";"Male";"2013";"442.59"
"Incidence";"Croatia";"Lung";"75-85+";"Male";"2014";"435.32"
"Incidence";"Croatia";"Lung";"75-85+";"Male";"2015";"464.80"
"Incidence";"Croatia";"Lung";"75-85+";"Male";"2016";"417.40"
"Incidence";"Croatia";"Lung";"75-85+";"Male";"2017";"442.57"
"Incidence";"Croatia";"Lung";"75-85+";"Male";"2018";"440.52"
"Incidence";"Croatia";"Lung";"75-85+";"Male";"2019";"445.54"
"Incidence";"Croatia";"Lung";"75-85+";"Male";"2020";"377.69"
"Incidence";"Croatia";"Lung";"75-85+";"Male";"2021";"410.73"
"Incidence";"Croatia";"Lung";"75-85+";"Male";"2022";"444.41"
"Incidence";"Croatia";"Lung";"75-85+";"Female";"2001";"92.31"
"Incidence";"Croatia";"Lung";"75-85+";"Female";"2002";"99.98"
"Incidence";"Croatia";"Lung";"75-85+";"Female";"2003";"85.83"
"Incidence";"Croatia";"Lung";"75-85+";"Female";"2004";"92.39"
"Incidence";"Croatia";"Lung";"75-85+";"Female";"2005";"98.92"
"Incidence";"Croatia";"Lung";"75-85+";"Female";"2006";"91.12"
"Incidence";"Croatia";"Lung";"75-85+";"Female";"2007";"91.43"
"Incidence";"Croatia";"Lung";"75-85+";"Female";"2008";"87.39"
"Incidence";"Croatia";"Lung";"75-85+";"Female";"2009";"110.13"
"Incidence";"Croatia";"Lung";"75-85+";"Female";"2010";"105.35"
"Incidence";"Croatia";"Lung";"75-85+";"Female";"2011";"115.61"
"Incidence";"Croatia";"Lung";"75-85+";"Female";"2012";"103.48"
"Incidence";"Croatia";"Lung";"75-85+";"Female";"2013";"105.40"
"Incidence";"Croatia";"Lung";"75-85+";"Female";"2014";"114.90"
"Incidence";"Croatia";"Lung";"75-85+";"Female";"2015";"102.89"
"Incidence";"Croatia";"Lung";"75-85+";"Female";"2016";"110.41"
"Incidence";"Croatia";"Lung";"75-85+";"Female";"2017";"109.20"
"Incidence";"Croatia";"Lung";"75-85+";"Female";"2018";"112.69"
"Incidence";"Croatia";"Lung";"75-85+";"Female";"2019";"111.95"
"Incidence";"Croatia";"Lung";"75-85+";"Female";"2020";"129.23"
"Incidence";"Croatia";"Lung";"75-85+";"Female";"2021";"148.92"
"Incidence";"Croatia";"Lung";"75-85+";"Female";"2022";"173.36"
"Mortality";"Croatia";"Lung";"75-85+";"Male";"2001";"467.66"
"Mortality";"Croatia";"Lung";"75-85+";"Male";"2002";"452.74"
"Mortality";"Croatia";"Lung";"75-85+";"Male";"2003";"457.84"
"Mortality";"Croatia";"Lung";"75-85+";"Male";"2004";"524.52"
"Mortality";"Croatia";"Lung";"75-85+";"Male";"2005";"487.15"
"Mortality";"Croatia";"Lung";"75-85+";"Male";"2006";"458.39"
"Mortality";"Croatia";"Lung";"75-85+";"Male";"2007";"514.06"
"Mortality";"Croatia";"Lung";"75-85+";"Male";"2008";"510.78"
"Mortality";"Croatia";"Lung";"75-85+";"Male";"2009";"517.19"
"Mortality";"Croatia";"Lung";"75-85+";"Male";"2010";"512.66"
"Mortality";"Croatia";"Lung";"75-85+";"Male";"2011";"490.70"
"Mortality";"Croatia";"Lung";"75-85+";"Male";"2012";"501.98"
"Mortality";"Croatia";"Lung";"75-85+";"Male";"2013";"487.88"
"Mortality";"Croatia";"Lung";"75-85+";"Male";"2014";"459.41"
"Mortality";"Croatia";"Lung";"75-85+";"Male";"2015";"469.38"
"Mortality";"Croatia";"Lung";"75-85+";"Male";"2016";"483.46"
"Mortality";"Croatia";"Lung";"75-85+";"Male";"2017";"469.34"
"Mortality";"Croatia";"Lung";"75-85+";"Male";"2018";"461.18"
"Mortality";"Croatia";"Lung";"75-85+";"Male";"2019";"452.19"
"Mortality";"Croatia";"Lung";"75-85+";"Male";"2020";"391.05"
"Mortality";"Croatia";"Lung";"75-85+";"Male";"2021";"423.76"
"Mortality";"Croatia";"Lung";"75-85+";"Male";"2022";"402.02"
"Mortality";"Croatia";"Lung";"75-85+";"Female";"2001";"78.52"
"Mortality";"Croatia";"Lung";"75-85+";"Female";"2002";"86.69"
"Mortality";"Croatia";"Lung";"75-85+";"Female";"2003";"95.37"
"Mortality";"Croatia";"Lung";"75-85+";"Female";"2004";"75.54"
"Mortality";"Croatia";"Lung";"75-85+";"Female";"2005";"92.11"
"Mortality";"Croatia";"Lung";"75-85+";"Female";"2006";"94.64"
"Mortality";"Croatia";"Lung";"75-85+";"Female";"2007";"95.32"
"Mortality";"Croatia";"Lung";"75-85+";"Female";"2008";"99.20"
"Mortality";"Croatia";"Lung";"75-85+";"Female";"2009";"107.38"
"Mortality";"Croatia";"Lung";"75-85+";"Female";"2010";"99.97"
"Mortality";"Croatia";"Lung";"75-85+";"Female";"2011";"118.69"
"Mortality";"Croatia";"Lung";"75-85+";"Female";"2012";"110.81"
"Mortality";"Croatia";"Lung";"75-85+";"Female";"2013";"106.24"
"Mortality";"Croatia";"Lung";"75-85+";"Female";"2014";"110.30"
"Mortality";"Croatia";"Lung";"75-85+";"Female";"2015";"103.72"
"Mortality";"Croatia";"Lung";"75-85+";"Female";"2016";"104.65"
"Mortality";"Croatia";"Lung";"75-85+";"Female";"2017";"116.21"
"Mortality";"Croatia";"Lung";"75-85+";"Female";"2018";"102.37"
"Mortality";"Croatia";"Lung";"75-85+";"Female";"2019";"117.36"
"Mortality";"Croatia";"Lung";"75-85+";"Female";"2020";"127.12"
"Mortality";"Croatia";"Lung";"75-85+";"Female";"2021";"133.25"
"Mortality";"Croatia";"Lung";"75-85+";"Female";"2022";"163.77"

Historical data: Incidence/mortality trends by age
Incidence and mortality, HR Croatia, Both sexes, Lung, 0 to 85+ years, by 15 years age groups

Source: ECIS - European Cancer Information System
From https://ecis.jrc.ec.europa.eu, accessed on 28-03-2026
(c) European Union, 2026