Country,Incidence,Mortality,age,gender,disease_id,disease_name,year,country_id,age_code,ethnicity,people_id,vs_id
Austria,0.1,,0-14,Female,C0242379,Malignant neoplasm of lung,2022,AT,0-14 years,undefined,people_0-14_female_undefined,vstat_C0242379_AT_0-14_female_undefined
Belgium,0.1,,0-14,Female,C0242379,Malignant neoplasm of lung,2022,BE,0-14 years,undefined,people_0-14_female_undefined,vstat_C0242379_BE_0-14_female_undefined
Spain,0.1,,0-14,Female,C0242379,Malignant neoplasm of lung,2022,ES,0-14 years,undefined,people_0-14_female_undefined,vstat_C0242379_ES_0-14_female_undefined
Austria,0.2,,0-14,Male,C0242379,Malignant neoplasm of lung,2022,AT,0-14 years,undefined,people_0-14_male_undefined,vstat_C0242379_AT_0-14_male_undefined
France,0.1,,0-14,Male,C0242379,Malignant neoplasm of lung,2022,FR,0-14 years,undefined,people_0-14_male_undefined,vstat_C0242379_FR_0-14_male_undefined
Italy,0.1,,0-14,Male,C0242379,Malignant neoplasm of lung,2022,IT,0-14 years,undefined,people_0-14_male_undefined,vstat_C0242379_IT_0-14_male_undefined
Netherlands,0.1,,0-14,Male,C0242379,Malignant neoplasm of lung,2022,NL,0-14 years,undefined,people_0-14_male_undefined,vstat_C0242379_NL_0-14_male_undefined
Romania,,0.1,0-14,Male,C0242379,Malignant neoplasm of lung,2022,RO,0-14 years,undefined,people_0-14_male_undefined,vstat_C0242379_RO_0-14_male_undefined
Spain,0.1,,0-14,Male,C0242379,Malignant neoplasm of lung,2022,ES,0-14 years,undefined,people_0-14_male_undefined,vstat_C0242379_ES_0-14_male_undefined
Austria,0.6,,15-29,Female,C0242379,Malignant neoplasm of lung,2022,AT,15-29 years,undefined,people_15-29_female_undefined,vstat_C0242379_AT_15-29_female_undefined
Belgium,0.2,,15-29,Female,C0242379,Malignant neoplasm of lung,2022,BE,15-29 years,undefined,people_15-29_female_undefined,vstat_C0242379_BE_15-29_female_undefined
Czechia,0.4,,15-29,Female,C0242379,Malignant neoplasm of lung,2022,CZ,15-29 years,undefined,people_15-29_female_undefined,vstat_C0242379_CZ_15-29_female_undefined
Denmark,0.5,,15-29,Female,C0242379,Malignant neoplasm of lung,2022,DK,15-29 years,undefined,people_15-29_female_undefined,vstat_C0242379_DK_15-29_female_undefined
EU-27,0.2,,15-29,Female,C0242379,Malignant neoplasm of lung,2022,EU-27,15-29 years,undefined,people_15-29_female_undefined,vstat_C0242379_EU-27_15-29_female_undefined
Finland,0.2,,15-29,Female,C0242379,Malignant neoplasm of lung,2022,FI,15-29 years,undefined,people_15-29_female_undefined,vstat_C0242379_FI_15-29_female_undefined
France,0.4,,15-29,Female,C0242379,Malignant neoplasm of lung,2022,FR,15-29 years,undefined,people_15-29_female_undefined,vstat_C0242379_FR_15-29_female_undefined
Germany,0.1,,15-29,Female,C0242379,Malignant neoplasm of lung,2022,DE,15-29 years,undefined,people_15-29_female_undefined,vstat_C0242379_DE_15-29_female_undefined
Ireland,1.1,,15-29,Female,C0242379,Malignant neoplasm of lung,2022,IE,15-29 years,undefined,people_15-29_female_undefined,vstat_C0242379_IE_15-29_female_undefined
Italy,0.1,,15-29,Female,C0242379,Malignant neoplasm of lung,2022,IT,15-29 years,undefined,people_15-29_female_undefined,vstat_C0242379_IT_15-29_female_undefined
Lithuania,0.4,,15-29,Female,C0242379,Malignant neoplasm of lung,2022,LT,15-29 years,undefined,people_15-29_female_undefined,vstat_C0242379_LT_15-29_female_undefined
Netherlands,0.2,,15-29,Female,C0242379,Malignant neoplasm of lung,2022,NL,15-29 years,undefined,people_15-29_female_undefined,vstat_C0242379_NL_15-29_female_undefined
Portugal,0.8,,15-29,Female,C0242379,Malignant neoplasm of lung,2022,PT,15-29 years,undefined,people_15-29_female_undefined,vstat_C0242379_PT_15-29_female_undefined
Spain,0.3,,15-29,Female,C0242379,Malignant neoplasm of lung,2022,ES,15-29 years,undefined,people_15-29_female_undefined,vstat_C0242379_ES_15-29_female_undefined
Sweden,0.3,,15-29,Female,C0242379,Malignant neoplasm of lung,2022,SE,15-29 years,undefined,people_15-29_female_undefined,vstat_C0242379_SE_15-29_female_undefined
Austria,0.5,,15-29,Male,C0242379,Malignant neoplasm of lung,2022,AT,15-29 years,undefined,people_15-29_male_undefined,vstat_C0242379_AT_15-29_male_undefined
Belgium,0.4,,15-29,Male,C0242379,Malignant neoplasm of lung,2022,BE,15-29 years,undefined,people_15-29_male_undefined,vstat_C0242379_BE_15-29_male_undefined
Bulgaria,0.4,,15-29,Male,C0242379,Malignant neoplasm of lung,2022,BG,15-29 years,undefined,people_15-29_male_undefined,vstat_C0242379_BG_15-29_male_undefined
Czechia,0.1,,15-29,Male,C0242379,Malignant neoplasm of lung,2022,CZ,15-29 years,undefined,people_15-29_male_undefined,vstat_C0242379_CZ_15-29_male_undefined
Denmark,0.5,,15-29,Male,C0242379,Malignant neoplasm of lung,2022,DK,15-29 years,undefined,people_15-29_male_undefined,vstat_C0242379_DK_15-29_male_undefined
EU-27,0.2,,15-29,Male,C0242379,Malignant neoplasm of lung,2022,EU-27,15-29 years,undefined,people_15-29_male_undefined,vstat_C0242379_EU-27_15-29_male_undefined
Finland,0.4,,15-29,Male,C0242379,Malignant neoplasm of lung,2022,FI,15-29 years,undefined,people_15-29_male_undefined,vstat_C0242379_FI_15-29_male_undefined
France,0.2,,15-29,Male,C0242379,Malignant neoplasm of lung,2022,FR,15-29 years,undefined,people_15-29_male_undefined,vstat_C0242379_FR_15-29_male_undefined
Germany,0.1,,15-29,Male,C0242379,Malignant neoplasm of lung,2022,DE,15-29 years,undefined,people_15-29_male_undefined,vstat_C0242379_DE_15-29_male_undefined
Ireland,0.4,,15-29,Male,C0242379,Malignant neoplasm of lung,2022,IE,15-29 years,undefined,people_15-29_male_undefined,vstat_C0242379_IE_15-29_male_undefined
Italy,0.3,,15-29,Male,C0242379,Malignant neoplasm of lung,2022,IT,15-29 years,undefined,people_15-29_male_undefined,vstat_C0242379_IT_15-29_male_undefined
Latvia,0.7,,15-29,Male,C0242379,Malignant neoplasm of lung,2022,LV,15-29 years,undefined,people_15-29_male_undefined,vstat_C0242379_LV_15-29_male_undefined
Netherlands,0.3,,15-29,Male,C0242379,Malignant neoplasm of lung,2022,NL,15-29 years,undefined,people_15-29_male_undefined,vstat_C0242379_NL_15-29_male_undefined
Portugal,0.2,,15-29,Male,C0242379,Malignant neoplasm of lung,2022,PT,15-29 years,undefined,people_15-29_male_undefined,vstat_C0242379_PT_15-29_male_undefined
Romania,0.4,,15-29,Male,C0242379,Malignant neoplasm of lung,2022,RO,15-29 years,undefined,people_15-29_male_undefined,vstat_C0242379_RO_15-29_male_undefined
Spain,0.1,,15-29,Male,C0242379,Malignant neoplasm of lung,2022,ES,15-29 years,undefined,people_15-29_male_undefined,vstat_C0242379_ES_15-29_male_undefined
Sweden,0.2,,15-29,Male,C0242379,Malignant neoplasm of lung,2022,SE,15-29 years,undefined,people_15-29_male_undefined,vstat_C0242379_SE_15-29_male_undefined
Austria,4.9,0.7,30-44,Female,C0242379,Malignant neoplasm of lung,2022,AT,30-44 years,undefined,people_30-44_female_undefined,vstat_C0242379_AT_30-44_female_undefined
Belgium,3.9,0.3,30-44,Female,C0242379,Malignant neoplasm of lung,2022,BE,30-44 years,undefined,people_30-44_female_undefined,vstat_C0242379_BE_30-44_female_undefined
Bulgaria,4.9,3.9,30-44,Female,C0242379,Malignant neoplasm of lung,2022,BG,30-44 years,undefined,people_30-44_female_undefined,vstat_C0242379_BG_30-44_female_undefined
Croatia,2.1,0.3,30-44,Female,C0242379,Malignant neoplasm of lung,2022,HR,30-44 years,undefined,people_30-44_female_undefined,vstat_C0242379_HR_30-44_female_undefined
Cyprus,2.7,1.0,30-44,Female,C0242379,Malignant neoplasm of lung,2022,CY,30-44 years,undefined,people_30-44_female_undefined,vstat_C0242379_CY_30-44_female_undefined
Czechia,1.8,0.7,30-44,Female,C0242379,Malignant neoplasm of lung,2022,CZ,30-44 years,undefined,people_30-44_female_undefined,vstat_C0242379_CZ_30-44_female_undefined
Denmark,2.8,1.4,30-44,Female,C0242379,Malignant neoplasm of lung,2022,DK,30-44 years,undefined,people_30-44_female_undefined,vstat_C0242379_DK_30-44_female_undefined
EU-27,2.6,0.9,30-44,Female,C0242379,Malignant neoplasm of lung,2022,EU-27,30-44 years,undefined,people_30-44_female_undefined,vstat_C0242379_EU-27_30-44_female_undefined
Finland,1.4,,30-44,Female,C0242379,Malignant neoplasm of lung,2022,FI,30-44 years,undefined,people_30-44_female_undefined,vstat_C0242379_FI_30-44_female_undefined
France,5.3,2.0,30-44,Female,C0242379,Malignant neoplasm of lung,2022,FR,30-44 years,undefined,people_30-44_female_undefined,vstat_C0242379_FR_30-44_female_undefined
Germany,0.5,0.4,30-44,Female,C0242379,Malignant neoplasm of lung,2022,DE,30-44 years,undefined,people_30-44_female_undefined,vstat_C0242379_DE_30-44_female_undefined
Greece,0.4,0.3,30-44,Female,C0242379,Malignant neoplasm of lung,2022,GR,30-44 years,undefined,people_30-44_female_undefined,vstat_C0242379_GR_30-44_female_undefined
Ireland,3.0,,30-44,Female,C0242379,Malignant neoplasm of lung,2022,IE,30-44 years,undefined,people_30-44_female_undefined,vstat_C0242379_IE_30-44_female_undefined
Italy,1.5,0.5,30-44,Female,C0242379,Malignant neoplasm of lung,2022,IT,30-44 years,undefined,people_30-44_female_undefined,vstat_C0242379_IT_30-44_female_undefined
Latvia,2.2,1.1,30-44,Female,C0242379,Malignant neoplasm of lung,2022,LV,30-44 years,undefined,people_30-44_female_undefined,vstat_C0242379_LV_30-44_female_undefined
Lithuania,4.0,1.1,30-44,Female,C0242379,Malignant neoplasm of lung,2022,LT,30-44 years,undefined,people_30-44_female_undefined,vstat_C0242379_LT_30-44_female_undefined
Luxembourg,1.4,1.4,30-44,Female,C0242379,Malignant neoplasm of lung,2022,LU,30-44 years,undefined,people_30-44_female_undefined,vstat_C0242379_LU_30-44_female_undefined
Malta,1.9,1.9,30-44,Female,C0242379,Malignant neoplasm of lung,2022,MT,30-44 years,undefined,people_30-44_female_undefined,vstat_C0242379_MT_30-44_female_undefined
Netherlands,4.8,,30-44,Female,C0242379,Malignant neoplasm of lung,2022,NL,30-44 years,undefined,people_30-44_female_undefined,vstat_C0242379_NL_30-44_female_undefined
Portugal,4.7,2.0,30-44,Female,C0242379,Malignant neoplasm of lung,2022,PT,30-44 years,undefined,people_30-44_female_undefined,vstat_C0242379_PT_30-44_female_undefined
Romania,5.4,3.6,30-44,Female,C0242379,Malignant neoplasm of lung,2022,RO,30-44 years,undefined,people_30-44_female_undefined,vstat_C0242379_RO_30-44_female_undefined
Slovakia,0.2,0.2,30-44,Female,C0242379,Malignant neoplasm of lung,2022,SK,30-44 years,undefined,people_30-44_female_undefined,vstat_C0242379_SK_30-44_female_undefined
Slovenia,1.4,,30-44,Female,C0242379,Malignant neoplasm of lung,2022,SI,30-44 years,undefined,people_30-44_female_undefined,vstat_C0242379_SI_30-44_female_undefined
Spain,4.2,1.0,30-44,Female,C0242379,Malignant neoplasm of lung,2022,ES,30-44 years,undefined,people_30-44_female_undefined,vstat_C0242379_ES_30-44_female_undefined
Sweden,2.4,,30-44,Female,C0242379,Malignant neoplasm of lung,2022,SE,30-44 years,undefined,people_30-44_female_undefined,vstat_C0242379_SE_30-44_female_undefined
Austria,4.2,,30-44,Male,C0242379,Malignant neoplasm of lung,2022,AT,30-44 years,undefined,people_30-44_male_undefined,vstat_C0242379_AT_30-44_male_undefined
Belgium,3.7,0.1,30-44,Male,C0242379,Malignant neoplasm of lung,2022,BE,30-44 years,undefined,people_30-44_male_undefined,vstat_C0242379_BE_30-44_male_undefined
Bulgaria,5.6,2.5,30-44,Male,C0242379,Malignant neoplasm of lung,2022,BG,30-44 years,undefined,people_30-44_male_undefined,vstat_C0242379_BG_30-44_male_undefined
Croatia,5.0,,30-44,Male,C0242379,Malignant neoplasm of lung,2022,HR,30-44 years,undefined,people_30-44_male_undefined,vstat_C0242379_HR_30-44_male_undefined
Cyprus,5.3,2.0,30-44,Male,C0242379,Malignant neoplasm of lung,2022,CY,30-44 years,undefined,people_30-44_male_undefined,vstat_C0242379_CY_30-44_male_undefined
Czechia,2.5,,30-44,Male,C0242379,Malignant neoplasm of lung,2022,CZ,30-44 years,undefined,people_30-44_male_undefined,vstat_C0242379_CZ_30-44_male_undefined
Denmark,2.4,0.4,30-44,Male,C0242379,Malignant neoplasm of lung,2022,DK,30-44 years,undefined,people_30-44_male_undefined,vstat_C0242379_DK_30-44_male_undefined
Estonia,4.2,,30-44,Male,C0242379,Malignant neoplasm of lung,2022,EE,30-44 years,undefined,people_30-44_male_undefined,vstat_C0242379_EE_30-44_male_undefined
EU-27,2.2,0.7,30-44,Male,C0242379,Malignant neoplasm of lung,2022,EU-27,30-44 years,undefined,people_30-44_male_undefined,vstat_C0242379_EU-27_30-44_male_undefined
Finland,2.4,,30-44,Male,C0242379,Malignant neoplasm of lung,2022,FI,30-44 years,undefined,people_30-44_male_undefined,vstat_C0242379_FI_30-44_male_undefined
France,5.8,2.5,30-44,Male,C0242379,Malignant neoplasm of lung,2022,FR,30-44 years,undefined,people_30-44_male_undefined,vstat_C0242379_FR_30-44_male_undefined
Germany,0.3,0.3,30-44,Male,C0242379,Malignant neoplasm of lung,2022,DE,30-44 years,undefined,people_30-44_male_undefined,vstat_C0242379_DE_30-44_male_undefined
Ireland,1.0,0.5,30-44,Male,C0242379,Malignant neoplasm of lung,2022,IE,30-44 years,undefined,people_30-44_male_undefined,vstat_C0242379_IE_30-44_male_undefined
Italy,2.3,0.6,30-44,Male,C0242379,Malignant neoplasm of lung,2022,IT,30-44 years,undefined,people_30-44_male_undefined,vstat_C0242379_IT_30-44_male_undefined
Latvia,4.6,1.1,30-44,Male,C0242379,Malignant neoplasm of lung,2022,LV,30-44 years,undefined,people_30-44_male_undefined,vstat_C0242379_LV_30-44_male_undefined
Lithuania,4.7,1.5,30-44,Male,C0242379,Malignant neoplasm of lung,2022,LT,30-44 years,undefined,people_30-44_male_undefined,vstat_C0242379_LT_30-44_male_undefined
Luxembourg,1.4,1.4,30-44,Male,C0242379,Malignant neoplasm of lung,2022,LU,30-44 years,undefined,people_30-44_male_undefined,vstat_C0242379_LU_30-44_male_undefined
Netherlands,3.3,1.1,30-44,Male,C0242379,Malignant neoplasm of lung,2022,NL,30-44 years,undefined,people_30-44_male_undefined,vstat_C0242379_NL_30-44_male_undefined
Portugal,3.1,1.1,30-44,Male,C0242379,Malignant neoplasm of lung,2022,PT,30-44 years,undefined,people_30-44_male_undefined,vstat_C0242379_PT_30-44_male_undefined
Romania,6.8,2.7,30-44,Male,C0242379,Malignant neoplasm of lung,2022,RO,30-44 years,undefined,people_30-44_male_undefined,vstat_C0242379_RO_30-44_male_undefined
Slovenia,4.1,0.8,30-44,Male,C0242379,Malignant neoplasm of lung,2022,SI,30-44 years,undefined,people_30-44_male_undefined,vstat_C0242379_SI_30-44_male_undefined
Sweden,1.1,,30-44,Male,C0242379,Malignant neoplasm of lung,2022,SE,30-44 years,undefined,people_30-44_male_undefined,vstat_C0242379_SE_30-44_male_undefined
Austria,47.0,29.3,45-59,Female,C0242379,Malignant neoplasm of lung,2022,AT,45-59 years,undefined,people_45-59_female_undefined,vstat_C0242379_AT_45-59_female_undefined
Belgium,44.1,32.6,45-59,Female,C0242379,Malignant neoplasm of lung,2022,BE,45-59 years,undefined,people_45-59_female_undefined,vstat_C0242379_BE_45-59_female_undefined
Bulgaria,34.4,28.7,45-59,Female,C0242379,Malignant neoplasm of lung,2022,BG,45-59 years,undefined,people_45-59_female_undefined,vstat_C0242379_BG_45-59_female_undefined
Croatia,42.4,37.2,45-59,Female,C0242379,Malignant neoplasm of lung,2022,HR,45-59 years,undefined,people_45-59_female_undefined,vstat_C0242379_HR_45-59_female_undefined
Cyprus,30.3,21.0,45-59,Female,C0242379,Malignant neoplasm of lung,2022,CY,45-59 years,undefined,people_45-59_female_undefined,vstat_C0242379_CY_45-59_female_undefined
Czechia,28.3,25.2,45-59,Female,C0242379,Malignant neoplasm of lung,2022,CZ,45-59 years,undefined,people_45-59_female_undefined,vstat_C0242379_CZ_45-59_female_undefined
Denmark,49.1,36.8,45-59,Female,C0242379,Malignant neoplasm of lung,2022,DK,45-59 years,undefined,people_45-59_female_undefined,vstat_C0242379_DK_45-59_female_undefined
Estonia,19.4,8.9,45-59,Female,C0242379,Malignant neoplasm of lung,2022,EE,45-59 years,undefined,people_45-59_female_undefined,vstat_C0242379_EE_45-59_female_undefined
EU-27,43.7,29.1,45-59,Female,C0242379,Malignant neoplasm of lung,2022,EU-27,45-59 years,undefined,people_45-59_female_undefined,vstat_C0242379_EU-27_45-59_female_undefined
Finland,16.5,11.4,45-59,Female,C0242379,Malignant neoplasm of lung,2022,FI,45-59 years,undefined,people_45-59_female_undefined,vstat_C0242379_FI_45-59_female_undefined
France,65.3,34.3,45-59,Female,C0242379,Malignant neoplasm of lung,2022,FR,45-59 years,undefined,people_45-59_female_undefined,vstat_C0242379_FR_45-59_female_undefined
Germany,44.5,32.0,45-59,Female,C0242379,Malignant neoplasm of lung,2022,DE,45-59 years,undefined,people_45-59_female_undefined,vstat_C0242379_DE_45-59_female_undefined
Greece,31.4,20.7,45-59,Female,C0242379,Malignant neoplasm of lung,2022,GR,45-59 years,undefined,people_45-59_female_undefined,vstat_C0242379_GR_45-59_female_undefined
Hungary,80.8,62.8,45-59,Female,C0242379,Malignant neoplasm of lung,2022,HU,45-59 years,undefined,people_45-59_female_undefined,vstat_C0242379_HU_45-59_female_undefined
Ireland,41.1,18.3,45-59,Female,C0242379,Malignant neoplasm of lung,2022,IE,45-59 years,undefined,people_45-59_female_undefined,vstat_C0242379_IE_45-59_female_undefined
Italy,30.3,19.4,45-59,Female,C0242379,Malignant neoplasm of lung,2022,IT,45-59 years,undefined,people_45-59_female_undefined,vstat_C0242379_IT_45-59_female_undefined
Latvia,18.3,11.0,45-59,Female,C0242379,Malignant neoplasm of lung,2022,LV,45-59 years,undefined,people_45-59_female_undefined,vstat_C0242379_LV_45-59_female_undefined
Lithuania,17.1,12.6,45-59,Female,C0242379,Malignant neoplasm of lung,2022,LT,45-59 years,undefined,people_45-59_female_undefined,vstat_C0242379_LT_45-59_female_undefined
Luxembourg,37.3,31.3,45-59,Female,C0242379,Malignant neoplasm of lung,2022,LU,45-59 years,undefined,people_45-59_female_undefined,vstat_C0242379_LU_45-59_female_undefined
Malta,25.5,20.7,45-59,Female,C0242379,Malignant neoplasm of lung,2022,MT,45-59 years,undefined,people_45-59_female_undefined,vstat_C0242379_MT_45-59_female_undefined
Netherlands,55.8,36.5,45-59,Female,C0242379,Malignant neoplasm of lung,2022,NL,45-59 years,undefined,people_45-59_female_undefined,vstat_C0242379_NL_45-59_female_undefined
Poland,49.7,36.6,45-59,Female,C0242379,Malignant neoplasm of lung,2022,PL,45-59 years,undefined,people_45-59_female_undefined,vstat_C0242379_PL_45-59_female_undefined
Portugal,29.1,19.1,45-59,Female,C0242379,Malignant neoplasm of lung,2022,PT,45-59 years,undefined,people_45-59_female_undefined,vstat_C0242379_PT_45-59_female_undefined
Romania,36.1,28.8,45-59,Female,C0242379,Malignant neoplasm of lung,2022,RO,45-59 years,undefined,people_45-59_female_undefined,vstat_C0242379_RO_45-59_female_undefined
Slovakia,25.2,19.8,45-59,Female,C0242379,Malignant neoplasm of lung,2022,SK,45-59 years,undefined,people_45-59_female_undefined,vstat_C0242379_SK_45-59_female_undefined
Slovenia,41.2,37.8,45-59,Female,C0242379,Malignant neoplasm of lung,2022,SI,45-59 years,undefined,people_45-59_female_undefined,vstat_C0242379_SI_45-59_female_undefined
Spain,41.3,27.3,45-59,Female,C0242379,Malignant neoplasm of lung,2022,ES,45-59 years,undefined,people_45-59_female_undefined,vstat_C0242379_ES_45-59_female_undefined
Sweden,24.5,12.6,45-59,Female,C0242379,Malignant neoplasm of lung,2022,SE,45-59 years,undefined,people_45-59_female_undefined,vstat_C0242379_SE_45-59_female_undefined
Austria,49.2,36.8,45-59,Male,C0242379,Malignant neoplasm of lung,2022,AT,45-59 years,undefined,people_45-59_male_undefined,vstat_C0242379_AT_45-59_male_undefined
Belgium,56.2,38.4,45-59,Male,C0242379,Malignant neoplasm of lung,2022,BE,45-59 years,undefined,people_45-59_male_undefined,vstat_C0242379_BE_45-59_male_undefined
Bulgaria,92.4,79.7,45-59,Male,C0242379,Malignant neoplasm of lung,2022,BG,45-59 years,undefined,people_45-59_male_undefined,vstat_C0242379_BG_45-59_male_undefined
Croatia,81.7,85.7,45-59,Male,C0242379,Malignant neoplasm of lung,2022,HR,45-59 years,undefined,people_45-59_male_undefined,vstat_C0242379_HR_45-59_male_undefined
Cyprus,52.8,38.8,45-59,Male,C0242379,Malignant neoplasm of lung,2022,CY,45-59 years,undefined,people_45-59_male_undefined,vstat_C0242379_CY_45-59_male_undefined
Czechia,36.7,43.5,45-59,Male,C0242379,Malignant neoplasm of lung,2022,CZ,45-59 years,undefined,people_45-59_male_undefined,vstat_C0242379_CZ_45-59_male_undefined
Denmark,40.6,29.7,45-59,Male,C0242379,Malignant neoplasm of lung,2022,DK,45-59 years,undefined,people_45-59_male_undefined,vstat_C0242379_DK_45-59_male_undefined
Estonia,57.0,55.4,45-59,Male,C0242379,Malignant neoplasm of lung,2022,EE,45-59 years,undefined,people_45-59_male_undefined,vstat_C0242379_EE_45-59_male_undefined
EU-27,67.9,50.6,45-59,Male,C0242379,Malignant neoplasm of lung,2022,EU-27,45-59 years,undefined,people_45-59_male_undefined,vstat_C0242379_EU-27_45-59_male_undefined
Finland,27.1,23.2,45-59,Male,C0242379,Malignant neoplasm of lung,2022,FI,45-59 years,undefined,people_45-59_male_undefined,vstat_C0242379_FI_45-59_male_undefined
France,98.9,68.0,45-59,Male,C0242379,Malignant neoplasm of lung,2022,FR,45-59 years,undefined,people_45-59_male_undefined,vstat_C0242379_FR_45-59_male_undefined
Germany,60.3,46.3,45-59,Male,C0242379,Malignant neoplasm of lung,2022,DE,45-59 years,undefined,people_45-59_male_undefined,vstat_C0242379_DE_45-59_male_undefined
Greece,71.4,51.1,45-59,Male,C0242379,Malignant neoplasm of lung,2022,GR,45-59 years,undefined,people_45-59_male_undefined,vstat_C0242379_GR_45-59_male_undefined
Hungary,130.4,103.6,45-59,Male,C0242379,Malignant neoplasm of lung,2022,HU,45-59 years,undefined,people_45-59_male_undefined,vstat_C0242379_HU_45-59_male_undefined
Ireland,39.1,24.9,45-59,Male,C0242379,Malignant neoplasm of lung,2022,IE,45-59 years,undefined,people_45-59_male_undefined,vstat_C0242379_IE_45-59_male_undefined
Italy,42.1,26.4,45-59,Male,C0242379,Malignant neoplasm of lung,2022,IT,45-59 years,undefined,people_45-59_male_undefined,vstat_C0242379_IT_45-59_male_undefined
Latvia,56.0,67.1,45-59,Male,C0242379,Malignant neoplasm of lung,2022,LV,45-59 years,undefined,people_45-59_male_undefined,vstat_C0242379_LV_45-59_male_undefined
Lithuania,70.7,69.3,45-59,Male,C0242379,Malignant neoplasm of lung,2022,LT,45-59 years,undefined,people_45-59_male_undefined,vstat_C0242379_LT_45-59_male_undefined
Luxembourg,38.5,35.8,45-59,Male,C0242379,Malignant neoplasm of lung,2022,LU,45-59 years,undefined,people_45-59_male_undefined,vstat_C0242379_LU_45-59_male_undefined
Malta,29.6,23.2,45-59,Male,C0242379,Malignant neoplasm of lung,2022,MT,45-59 years,undefined,people_45-59_male_undefined,vstat_C0242379_MT_45-59_male_undefined
Netherlands,46.7,29.7,45-59,Male,C0242379,Malignant neoplasm of lung,2022,NL,45-59 years,undefined,people_45-59_male_undefined,vstat_C0242379_NL_45-59_male_undefined
Poland,90.9,69.9,45-59,Male,C0242379,Malignant neoplasm of lung,2022,PL,45-59 years,undefined,people_45-59_male_undefined,vstat_C0242379_PL_45-59_male_undefined
Portugal,70.9,54.8,45-59,Male,C0242379,Malignant neoplasm of lung,2022,PT,45-59 years,undefined,people_45-59_male_undefined,vstat_C0242379_PT_45-59_male_undefined
Romania,118.5,99.9,45-59,Male,C0242379,Malignant neoplasm of lung,2022,RO,45-59 years,undefined,people_45-59_male_undefined,vstat_C0242379_RO_45-59_male_undefined
Slovakia,48.5,39.3,45-59,Male,C0242379,Malignant neoplasm of lung,2022,SK,45-59 years,undefined,people_45-59_male_undefined,vstat_C0242379_SK_45-59_male_undefined
Slovenia,58.7,61.0,45-59,Male,C0242379,Malignant neoplasm of lung,2022,SI,45-59 years,undefined,people_45-59_male_undefined,vstat_C0242379_SI_45-59_male_undefined
Spain,71.3,50.4,45-59,Male,C0242379,Malignant neoplasm of lung,2022,ES,45-59 years,undefined,people_45-59_male_undefined,vstat_C0242379_ES_45-59_male_undefined
Sweden,16.8,12.6,45-59,Male,C0242379,Malignant neoplasm of lung,2022,SE,45-59 years,undefined,people_45-59_male_undefined,vstat_C0242379_SE_45-59_male_undefined
Austria,157.6,102.0,60-74,Female,C0242379,Malignant neoplasm of lung,2022,AT,60-74 years,undefined,people_60-74_female_undefined,vstat_C0242379_AT_60-74_female_undefined
Belgium,167.1,97.9,60-74,Female,C0242379,Malignant neoplasm of lung,2022,BE,60-74 years,undefined,people_60-74_female_undefined,vstat_C0242379_BE_60-74_female_undefined
Bulgaria,68.7,56.6,60-74,Female,C0242379,Malignant neoplasm of lung,2022,BG,60-74 years,undefined,people_60-74_female_undefined,vstat_C0242379_BG_60-74_female_undefined
Croatia,144.3,101.1,60-74,Female,C0242379,Malignant neoplasm of lung,2022,HR,60-74 years,undefined,people_60-74_female_undefined,vstat_C0242379_HR_60-74_female_undefined
Cyprus,85.8,61.6,60-74,Female,C0242379,Malignant neoplasm of lung,2022,CY,60-74 years,undefined,people_60-74_female_undefined,vstat_C0242379_CY_60-74_female_undefined
Czechia,119.4,86.7,60-74,Female,C0242379,Malignant neoplasm of lung,2022,CZ,60-74 years,undefined,people_60-74_female_undefined,vstat_C0242379_CZ_60-74_female_undefined
Denmark,241.5,152.1,60-74,Female,C0242379,Malignant neoplasm of lung,2022,DK,60-74 years,undefined,people_60-74_female_undefined,vstat_C0242379_DK_60-74_female_undefined
Estonia,88.8,52.8,60-74,Female,C0242379,Malignant neoplasm of lung,2022,EE,60-74 years,undefined,people_60-74_female_undefined,vstat_C0242379_EE_60-74_female_undefined
EU-27,128.1,91.0,60-74,Female,C0242379,Malignant neoplasm of lung,2022,EU-27,60-74 years,undefined,people_60-74_female_undefined,vstat_C0242379_EU-27_60-74_female_undefined
Finland,98.3,65.1,60-74,Female,C0242379,Malignant neoplasm of lung,2022,FI,60-74 years,undefined,people_60-74_female_undefined,vstat_C0242379_FI_60-74_female_undefined
France,130.6,79.9,60-74,Female,C0242379,Malignant neoplasm of lung,2022,FR,60-74 years,undefined,people_60-74_female_undefined,vstat_C0242379_FR_60-74_female_undefined
Germany,141.8,104.2,60-74,Female,C0242379,Malignant neoplasm of lung,2022,DE,60-74 years,undefined,people_60-74_female_undefined,vstat_C0242379_DE_60-74_female_undefined
Greece,98.3,72.4,60-74,Female,C0242379,Malignant neoplasm of lung,2022,GR,60-74 years,undefined,people_60-74_female_undefined,vstat_C0242379_GR_60-74_female_undefined
Hungary,218.5,183.3,60-74,Female,C0242379,Malignant neoplasm of lung,2022,HU,60-74 years,undefined,people_60-74_female_undefined,vstat_C0242379_HU_60-74_female_undefined
Ireland,205.9,117.2,60-74,Female,C0242379,Malignant neoplasm of lung,2022,IE,60-74 years,undefined,people_60-74_female_undefined,vstat_C0242379_IE_60-74_female_undefined
Italy,101.0,72.3,60-74,Female,C0242379,Malignant neoplasm of lung,2022,IT,60-74 years,undefined,people_60-74_female_undefined,vstat_C0242379_IT_60-74_female_undefined
Latvia,54.6,41.9,60-74,Female,C0242379,Malignant neoplasm of lung,2022,LV,60-74 years,undefined,people_60-74_female_undefined,vstat_C0242379_LV_60-74_female_undefined
Lithuania,61.2,43.8,60-74,Female,C0242379,Malignant neoplasm of lung,2022,LT,60-74 years,undefined,people_60-74_female_undefined,vstat_C0242379_LT_60-74_female_undefined
Luxembourg,119.4,99.4,60-74,Female,C0242379,Malignant neoplasm of lung,2022,LU,60-74 years,undefined,people_60-74_female_undefined,vstat_C0242379_LU_60-74_female_undefined
Malta,64.8,42.5,60-74,Female,C0242379,Malignant neoplasm of lung,2022,MT,60-74 years,undefined,people_60-74_female_undefined,vstat_C0242379_MT_60-74_female_undefined
Netherlands,234.4,140.7,60-74,Female,C0242379,Malignant neoplasm of lung,2022,NL,60-74 years,undefined,people_60-74_female_undefined,vstat_C0242379_NL_60-74_female_undefined
Poland,158.6,134.7,60-74,Female,C0242379,Malignant neoplasm of lung,2022,PL,60-74 years,undefined,people_60-74_female_undefined,vstat_C0242379_PL_60-74_female_undefined
Portugal,66.4,45.0,60-74,Female,C0242379,Malignant neoplasm of lung,2022,PT,60-74 years,undefined,people_60-74_female_undefined,vstat_C0242379_PT_60-74_female_undefined
Romania,75.4,65.6,60-74,Female,C0242379,Malignant neoplasm of lung,2022,RO,60-74 years,undefined,people_60-74_female_undefined,vstat_C0242379_RO_60-74_female_undefined
Slovakia,77.7,64.9,60-74,Female,C0242379,Malignant neoplasm of lung,2022,SK,60-74 years,undefined,people_60-74_female_undefined,vstat_C0242379_SK_60-74_female_undefined
Slovenia,184.8,115.6,60-74,Female,C0242379,Malignant neoplasm of lung,2022,SI,60-74 years,undefined,people_60-74_female_undefined,vstat_C0242379_SI_60-74_female_undefined
Spain,85.4,58.9,60-74,Female,C0242379,Malignant neoplasm of lung,2022,ES,60-74 years,undefined,people_60-74_female_undefined,vstat_C0242379_ES_60-74_female_undefined
Sweden,134.5,95.4,60-74,Female,C0242379,Malignant neoplasm of lung,2022,SE,60-74 years,undefined,people_60-74_female_undefined,vstat_C0242379_SE_60-74_female_undefined
Austria,217.2,168.5,60-74,Male,C0242379,Malignant neoplasm of lung,2022,AT,60-74 years,undefined,people_60-74_male_undefined,vstat_C0242379_AT_60-74_male_undefined
Belgium,303.5,189.7,60-74,Male,C0242379,Malignant neoplasm of lung,2022,BE,60-74 years,undefined,people_60-74_male_undefined,vstat_C0242379_BE_60-74_male_undefined
Bulgaria,285.4,237.8,60-74,Male,C0242379,Malignant neoplasm of lung,2022,BG,60-74 years,undefined,people_60-74_male_undefined,vstat_C0242379_BG_60-74_male_undefined
Croatia,402.3,297.6,60-74,Male,C0242379,Malignant neoplasm of lung,2022,HR,60-74 years,undefined,people_60-74_male_undefined,vstat_C0242379_HR_60-74_male_undefined
Cyprus,268.2,251.6,60-74,Male,C0242379,Malignant neoplasm of lung,2022,CY,60-74 years,undefined,people_60-74_male_undefined,vstat_C0242379_CY_60-74_male_undefined
Czechia,231.8,188.4,60-74,Male,C0242379,Malignant neoplasm of lung,2022,CZ,60-74 years,undefined,people_60-74_male_undefined,vstat_C0242379_CZ_60-74_male_undefined
Denmark,240.2,168.6,60-74,Male,C0242379,Malignant neoplasm of lung,2022,DK,60-74 years,undefined,people_60-74_male_undefined,vstat_C0242379_DK_60-74_male_undefined
Estonia,316.5,251.6,60-74,Male,C0242379,Malignant neoplasm of lung,2022,EE,60-74 years,undefined,people_60-74_male_undefined,vstat_C0242379_EE_60-74_male_undefined
EU-27,267.7,205.0,60-74,Male,C0242379,Malignant neoplasm of lung,2022,EU-27,60-74 years,undefined,people_60-74_male_undefined,vstat_C0242379_EU-27_60-74_male_undefined
Finland,170.7,130.6,60-74,Male,C0242379,Malignant neoplasm of lung,2022,FI,60-74 years,undefined,people_60-74_male_undefined,vstat_C0242379_FI_60-74_male_undefined
France,292.1,205.4,60-74,Male,C0242379,Malignant neoplasm of lung,2022,FR,60-74 years,undefined,people_60-74_male_undefined,vstat_C0242379_FR_60-74_male_undefined
Germany,229.7,178.3,60-74,Male,C0242379,Malignant neoplasm of lung,2022,DE,60-74 years,undefined,people_60-74_male_undefined,vstat_C0242379_DE_60-74_male_undefined
Greece,335.0,268.7,60-74,Male,C0242379,Malignant neoplasm of lung,2022,GR,60-74 years,undefined,people_60-74_male_undefined,vstat_C0242379_GR_60-74_male_undefined
Hungary,417.4,357.6,60-74,Male,C0242379,Malignant neoplasm of lung,2022,HU,60-74 years,undefined,people_60-74_male_undefined,vstat_C0242379_HU_60-74_male_undefined
Ireland,219.9,136.6,60-74,Male,C0242379,Malignant neoplasm of lung,2022,IE,60-74 years,undefined,people_60-74_male_undefined,vstat_C0242379_IE_60-74_male_undefined
Italy,240.6,169.6,60-74,Male,C0242379,Malignant neoplasm of lung,2022,IT,60-74 years,undefined,people_60-74_male_undefined,vstat_C0242379_IT_60-74_male_undefined
Latvia,335.0,250.8,60-74,Male,C0242379,Malignant neoplasm of lung,2022,LV,60-74 years,undefined,people_60-74_male_undefined,vstat_C0242379_LV_60-74_male_undefined
Lithuania,283.1,230.1,60-74,Male,C0242379,Malignant neoplasm of lung,2022,LT,60-74 years,undefined,people_60-74_male_undefined,vstat_C0242379_LT_60-74_male_undefined
Luxembourg,175.1,161.1,60-74,Male,C0242379,Malignant neoplasm of lung,2022,LU,60-74 years,undefined,people_60-74_male_undefined,vstat_C0242379_LU_60-74_male_undefined
Malta,169.5,139.8,60-74,Male,C0242379,Malignant neoplasm of lung,2022,MT,60-74 years,undefined,people_60-74_male_undefined,vstat_C0242379_MT_60-74_male_undefined
Netherlands,246.6,165.7,60-74,Male,C0242379,Malignant neoplasm of lung,2022,NL,60-74 years,undefined,people_60-74_male_undefined,vstat_C0242379_NL_60-74_male_undefined
Poland,353.0,307.8,60-74,Male,C0242379,Malignant neoplasm of lung,2022,PL,60-74 years,undefined,people_60-74_male_undefined,vstat_C0242379_PL_60-74_male_undefined
Portugal,219.8,180.3,60-74,Male,C0242379,Malignant neoplasm of lung,2022,PT,60-74 years,undefined,people_60-74_male_undefined,vstat_C0242379_PT_60-74_male_undefined
Romania,290.9,271.8,60-74,Male,C0242379,Malignant neoplasm of lung,2022,RO,60-74 years,undefined,people_60-74_male_undefined,vstat_C0242379_RO_60-74_male_undefined
Slovakia,257.5,220.1,60-74,Male,C0242379,Malignant neoplasm of lung,2022,SK,60-74 years,undefined,people_60-74_male_undefined,vstat_C0242379_SK_60-74_male_undefined
Slovenia,323.5,208.3,60-74,Male,C0242379,Malignant neoplasm of lung,2022,SI,60-74 years,undefined,people_60-74_male_undefined,vstat_C0242379_SI_60-74_male_undefined
Spain,278.5,208.7,60-74,Male,C0242379,Malignant neoplasm of lung,2022,ES,60-74 years,undefined,people_60-74_male_undefined,vstat_C0242379_ES_60-74_male_undefined
Sweden,112.7,86.8,60-74,Male,C0242379,Malignant neoplasm of lung,2022,SE,60-74 years,undefined,people_60-74_male_undefined,vstat_C0242379_SE_60-74_male_undefined
Austria,129.3,127.4,75-85+,Female,C0242379,Malignant neoplasm of lung,2022,AT,75-85+ years,undefined,people_75-85+_female_undefined,vstat_C0242379_AT_75-85+_female_undefined
Belgium,153.2,131.9,75-85+,Female,C0242379,Malignant neoplasm of lung,2022,BE,75-85+ years,undefined,people_75-85+_female_undefined,vstat_C0242379_BE_75-85+_female_undefined
Bulgaria,63.3,59.8,75-85+,Female,C0242379,Malignant neoplasm of lung,2022,BG,75-85+ years,undefined,people_75-85+_female_undefined,vstat_C0242379_BG_75-85+_female_undefined
Croatia,153.4,128.8,75-85+,Female,C0242379,Malignant neoplasm of lung,2022,HR,75-85+ years,undefined,people_75-85+_female_undefined,vstat_C0242379_HR_75-85+_female_undefined
Cyprus,116.7,131.4,75-85+,Female,C0242379,Malignant neoplasm of lung,2022,CY,75-85+ years,undefined,people_75-85+_female_undefined,vstat_C0242379_CY_75-85+_female_undefined
Czechia,164.8,129.0,75-85+,Female,C0242379,Malignant neoplasm of lung,2022,CZ,75-85+ years,undefined,people_75-85+_female_undefined,vstat_C0242379_CZ_75-85+_female_undefined
Denmark,319.2,264.3,75-85+,Female,C0242379,Malignant neoplasm of lung,2022,DK,75-85+ years,undefined,people_75-85+_female_undefined,vstat_C0242379_DK_75-85+_female_undefined
Estonia,113.2,101.3,75-85+,Female,C0242379,Malignant neoplasm of lung,2022,EE,75-85+ years,undefined,people_75-85+_female_undefined,vstat_C0242379_EE_75-85+_female_undefined
EU-27,149.1,129.7,75-85+,Female,C0242379,Malignant neoplasm of lung,2022,EU-27,75-85+ years,undefined,people_75-85+_female_undefined,vstat_C0242379_EU-27_75-85+_female_undefined
Finland,171.0,123.5,75-85+,Female,C0242379,Malignant neoplasm of lung,2022,FI,75-85+ years,undefined,people_75-85+_female_undefined,vstat_C0242379_FI_75-85+_female_undefined
France,101.2,111.6,75-85+,Female,C0242379,Malignant neoplasm of lung,2022,FR,75-85+ years,undefined,people_75-85+_female_undefined,vstat_C0242379_FR_75-85+_female_undefined
Germany,177.2,134.5,75-85+,Female,C0242379,Malignant neoplasm of lung,2022,DE,75-85+ years,undefined,people_75-85+_female_undefined,vstat_C0242379_DE_75-85+_female_undefined
Greece,126.1,109.9,75-85+,Female,C0242379,Malignant neoplasm of lung,2022,GR,75-85+ years,undefined,people_75-85+_female_undefined,vstat_C0242379_GR_75-85+_female_undefined
Hungary,219.0,201.6,75-85+,Female,C0242379,Malignant neoplasm of lung,2022,HU,75-85+ years,undefined,people_75-85+_female_undefined,vstat_C0242379_HU_75-85+_female_undefined
Ireland,318.3,253.8,75-85+,Female,C0242379,Malignant neoplasm of lung,2022,IE,75-85+ years,undefined,people_75-85+_female_undefined,vstat_C0242379_IE_75-85+_female_undefined
Italy,167.0,146.5,75-85+,Female,C0242379,Malignant neoplasm of lung,2022,IT,75-85+ years,undefined,people_75-85+_female_undefined,vstat_C0242379_IT_75-85+_female_undefined
Latvia,67.0,78.7,75-85+,Female,C0242379,Malignant neoplasm of lung,2022,LV,75-85+ years,undefined,people_75-85+_female_undefined,vstat_C0242379_LV_75-85+_female_undefined
Lithuania,75.0,70.5,75-85+,Female,C0242379,Malignant neoplasm of lung,2022,LT,75-85+ years,undefined,people_75-85+_female_undefined,vstat_C0242379_LT_75-85+_female_undefined
Luxembourg,270.0,172.9,75-85+,Female,C0242379,Malignant neoplasm of lung,2022,LU,75-85+ years,undefined,people_75-85+_female_undefined,vstat_C0242379_LU_75-85+_female_undefined
Malta,88.2,56.1,75-85+,Female,C0242379,Malignant neoplasm of lung,2022,MT,75-85+ years,undefined,people_75-85+_female_undefined,vstat_C0242379_MT_75-85+_female_undefined
Netherlands,246.9,212.0,75-85+,Female,C0242379,Malignant neoplasm of lung,2022,NL,75-85+ years,undefined,people_75-85+_female_undefined,vstat_C0242379_NL_75-85+_female_undefined
Poland,181.0,161.6,75-85+,Female,C0242379,Malignant neoplasm of lung,2022,PL,75-85+ years,undefined,people_75-85+_female_undefined,vstat_C0242379_PL_75-85+_female_undefined
Portugal,107.3,88.9,75-85+,Female,C0242379,Malignant neoplasm of lung,2022,PT,75-85+ years,undefined,people_75-85+_female_undefined,vstat_C0242379_PT_75-85+_female_undefined
Romania,98.3,91.6,75-85+,Female,C0242379,Malignant neoplasm of lung,2022,RO,75-85+ years,undefined,people_75-85+_female_undefined,vstat_C0242379_RO_75-85+_female_undefined
Slovakia,112.6,104.8,75-85+,Female,C0242379,Malignant neoplasm of lung,2022,SK,75-85+ years,undefined,people_75-85+_female_undefined,vstat_C0242379_SK_75-85+_female_undefined
Slovenia,182.8,158.2,75-85+,Female,C0242379,Malignant neoplasm of lung,2022,SI,75-85+ years,undefined,people_75-85+_female_undefined,vstat_C0242379_SI_75-85+_female_undefined
Spain,83.6,69.6,75-85+,Female,C0242379,Malignant neoplasm of lung,2022,ES,75-85+ years,undefined,people_75-85+_female_undefined,vstat_C0242379_ES_75-85+_female_undefined
Sweden,182.0,199.1,75-85+,Female,C0242379,Malignant neoplasm of lung,2022,SE,75-85+ years,undefined,people_75-85+_female_undefined,vstat_C0242379_SE_75-85+_female_undefined
Austria,268.4,273.7,75-85+,Male,C0242379,Malignant neoplasm of lung,2022,AT,75-85+ years,undefined,people_75-85+_male_undefined,vstat_C0242379_AT_75-85+_male_undefined
Belgium,444.5,384.1,75-85+,Male,C0242379,Malignant neoplasm of lung,2022,BE,75-85+ years,undefined,people_75-85+_male_undefined,vstat_C0242379_BE_75-85+_male_undefined
Bulgaria,228.8,243.5,75-85+,Male,C0242379,Malignant neoplasm of lung,2022,BG,75-85+ years,undefined,people_75-85+_male_undefined,vstat_C0242379_BG_75-85+_male_undefined
Croatia,518.0,491.5,75-85+,Male,C0242379,Malignant neoplasm of lung,2022,HR,75-85+ years,undefined,people_75-85+_male_undefined,vstat_C0242379_HR_75-85+_male_undefined
Cyprus,512.4,425.4,75-85+,Male,C0242379,Malignant neoplasm of lung,2022,CY,75-85+ years,undefined,people_75-85+_male_undefined,vstat_C0242379_CY_75-85+_male_undefined
Czechia,364.8,301.9,75-85+,Male,C0242379,Malignant neoplasm of lung,2022,CZ,75-85+ years,undefined,people_75-85+_male_undefined,vstat_C0242379_CZ_75-85+_male_undefined
Denmark,398.8,378.6,75-85+,Male,C0242379,Malignant neoplasm of lung,2022,DK,75-85+ years,undefined,people_75-85+_male_undefined,vstat_C0242379_DK_75-85+_male_undefined
Estonia,500.7,455.1,75-85+,Male,C0242379,Malignant neoplasm of lung,2022,EE,75-85+ years,undefined,people_75-85+_male_undefined,vstat_C0242379_EE_75-85+_male_undefined
EU-27,399.2,364.6,75-85+,Male,C0242379,Malignant neoplasm of lung,2022,EU-27,75-85+ years,undefined,people_75-85+_male_undefined,vstat_C0242379_EU-27_75-85+_male_undefined
Finland,339.4,276.9,75-85+,Male,C0242379,Malignant neoplasm of lung,2022,FI,75-85+ years,undefined,people_75-85+_male_undefined,vstat_C0242379_FI_75-85+_male_undefined
France,372.6,335.9,75-85+,Male,C0242379,Malignant neoplasm of lung,2022,FR,75-85+ years,undefined,people_75-85+_male_undefined,vstat_C0242379_FR_75-85+_male_undefined
Germany,383.6,308.0,75-85+,Male,C0242379,Malignant neoplasm of lung,2022,DE,75-85+ years,undefined,people_75-85+_male_undefined,vstat_C0242379_DE_75-85+_male_undefined
Greece,519.8,492.4,75-85+,Male,C0242379,Malignant neoplasm of lung,2022,GR,75-85+ years,undefined,people_75-85+_male_undefined,vstat_C0242379_GR_75-85+_male_undefined
Hungary,476.0,441.6,75-85+,Male,C0242379,Malignant neoplasm of lung,2022,HU,75-85+ years,undefined,people_75-85+_male_undefined,vstat_C0242379_HU_75-85+_male_undefined
Ireland,421.3,323.1,75-85+,Male,C0242379,Malignant neoplasm of lung,2022,IE,75-85+ years,undefined,people_75-85+_male_undefined,vstat_C0242379_IE_75-85+_male_undefined
Italy,440.1,442.1,75-85+,Male,C0242379,Malignant neoplasm of lung,2022,IT,75-85+ years,undefined,people_75-85+_male_undefined,vstat_C0242379_IT_75-85+_male_undefined
Latvia,413.7,388.8,75-85+,Male,C0242379,Malignant neoplasm of lung,2022,LV,75-85+ years,undefined,people_75-85+_male_undefined,vstat_C0242379_LV_75-85+_male_undefined
Lithuania,382.2,314.6,75-85+,Male,C0242379,Malignant neoplasm of lung,2022,LT,75-85+ years,undefined,people_75-85+_male_undefined,vstat_C0242379_LT_75-85+_male_undefined
Luxembourg,618.6,357.7,75-85+,Male,C0242379,Malignant neoplasm of lung,2022,LU,75-85+ years,undefined,people_75-85+_male_undefined,vstat_C0242379_LU_75-85+_male_undefined
Malta,423.6,333.1,75-85+,Male,C0242379,Malignant neoplasm of lung,2022,MT,75-85+ years,undefined,people_75-85+_male_undefined,vstat_C0242379_MT_75-85+_male_undefined
Netherlands,454.0,455.9,75-85+,Male,C0242379,Malignant neoplasm of lung,2022,NL,75-85+ years,undefined,people_75-85+_male_undefined,vstat_C0242379_NL_75-85+_male_undefined
Poland,546.6,498.2,75-85+,Male,C0242379,Malignant neoplasm of lung,2022,PL,75-85+ years,undefined,people_75-85+_male_undefined,vstat_C0242379_PL_75-85+_male_undefined
Portugal,308.4,305.7,75-85+,Male,C0242379,Malignant neoplasm of lung,2022,PT,75-85+ years,undefined,people_75-85+_male_undefined,vstat_C0242379_PT_75-85+_male_undefined
Romania,317.7,313.9,75-85+,Male,C0242379,Malignant neoplasm of lung,2022,RO,75-85+ years,undefined,people_75-85+_male_undefined,vstat_C0242379_RO_75-85+_male_undefined
Slovakia,431.2,401.8,75-85+,Male,C0242379,Malignant neoplasm of lung,2022,SK,75-85+ years,undefined,people_75-85+_male_undefined,vstat_C0242379_SK_75-85+_male_undefined
Slovenia,376.0,355.3,75-85+,Male,C0242379,Malignant neoplasm of lung,2022,SI,75-85+ years,undefined,people_75-85+_male_undefined,vstat_C0242379_SI_75-85+_male_undefined
Spain,391.9,359.9,75-85+,Male,C0242379,Malignant neoplasm of lung,2022,ES,75-85+ years,undefined,people_75-85+_male_undefined,vstat_C0242379_ES_75-85+_male_undefined
Sweden,184.5,194.4,75-85+,Male,C0242379,Malignant neoplasm of lung,2022,SE,75-85+ years,undefined,people_75-85+_male_undefined,vstat_C0242379_SE_75-85+_male_undefined
